Player,Team,Age,Pos,MIN,Diff Rank,Diff,Exp W,OFFENSE: Pts/Poss Rank,OFFENSE: Pts/Poss,OFFENSE: eFG% Rank,OFFENSE: eFG%,OFFENSE: TOV% Rank,OFFENSE: TOV%,OFFENSE: ORB% Rank,OFFENSE: ORB%,OFFENSE: FT Rate Rank,OFFENSE: FT Rate,DEFENSE: Pts/Poss Rank,DEFENSE: Pts/Poss,DEFENSE: eFG% Rank,DEFENSE: eFG%,DEFENSE: TOV% Rank,DEFENSE: TOV%,DEFENSE: ORB% Rank,DEFENSE: ORB%,DEFENSE: FT Rate Rank,DEFENSE: FT Rate,LastGameDate,DaysSinceLastGame,LastUpdateDate
AJ Green,MIL,26.1,Wing,679.0,76.0,12.6,26.0,95.0,14.5,90.0,+6.5%,48.0,-0.1%,77.0,+3.8%,89.0,6.1,35.0,3.4,26.0,+3.1%,63.0,+0.9%,26.0,+2.5%,46.0,0.7,2025-12-01,2.0,2025-12-05
Aaron Gordon,DEN,30.1,Forward,368.0,43.0,20.8,1.0,21.0,-6.1,17.0,-4.2%,76.0,-1.9%,19.0,-4.1%,43.0,-0.8,74.0,-6.0,67.0,-2.1%,22.0,-2.0%,96.0,-9.0%,58.0,-1.1,2025-11-21,12.0,2025-12-05
Aaron Holiday,HOU,,,186.0,,14.4,,,,,,,,,,,,,,,,,,,,,,nan,,2025-12-05
Aaron Nesmith,IND,26.0,Wing,334.0,78.0,4.7,18.0,78.0,7.7,67.0,+2.4%,60.0,-0.9%,89.0,+5.8%,89.0,6.8,64.0,-4.2,33.0,+2.1%,94.0,+4.4%,69.0,-2.8%,61.0,-1.4,2025-11-13,20.0,2025-12-05
Aaron Wiggins,OKC,26.8,Wing,283.0,64.0,-1.6,9.0,54.0,1.9,61.0,+1.5%,5.0,+3.9%,86.0,+5.3%,48.0,-0.3,67.0,-5.0,51.0,-0.0%,85.0,+2.7%,38.0,+1.1%,57.0,-1.1,2025-12-02,3.0,2025-12-05
Ace Bailey,UTA,19.2,Wing,439.0,0.0,-6.8,-53.0,6.0,-13.8,3.0,-7.9%,11.0,+2.7%,40.0,-1.6%,41.0,-1.1,0.0,21.2,6.0,+6.9%,19.0,-2.2%,76.0,-3.8%,0.0,12.6,2025-12-01,3.0,2025-12-05
Adem Bona,PHI,22.6,Big,249.0,19.0,0.3,-25.0,6.0,-13.5,8.0,-6.3%,4.0,+4.2%,50.0,-0.4%,78.0,3.8,58.0,-2.7,73.0,-2.9%,91.0,+3.7%,3.0,+8.5%,44.0,0.8,2025-12-02,2.0,2025-12-05
Ajay Mitchell,OKC,23.4,Combo,555.0,67.0,5.6,12.0,36.0,-2.1,49.0,+0.2%,23.0,+1.7%,43.0,-1.3%,84.0,5.0,86.0,-9.9,66.0,-2.0%,40.0,-0.8%,97.0,-9.3%,75.0,-3.9,2025-12-02,3.0,2025-12-05
Al Horford,GSW,39.4,Big,277.0,11.0,-12.5,-36.0,16.0,-8.0,4.0,-7.8%,57.0,-0.6%,33.0,-2.3%,58.0,0.8,20.0,7.3,31.0,+2.4%,62.0,+0.8%,10.0,+5.7%,81.0,-5.2,2025-11-21,13.0,2025-12-05
Alex Caruso,OKC,31.7,Forward,282.0,77.0,20.6,13.0,62.0,3.5,74.0,+3.2%,58.0,-0.6%,16.0,-4.6%,18.0,-4.5,80.0,-8.2,65.0,-1.9%,98.0,+5.4%,61.0,-1.6%,35.0,1.9,2025-11-28,7.0,2025-12-05
Alex Sarr,WAS,20.5,Big,282.0,62.0,5.8,7.0,86.0,9.2,94.0,+7.5%,32.0,+1.0%,73.0,+2.8%,29.0,-2.5,35.0,3.5,34.0,+2.1%,49.0,-0.3%,19.0,+4.2%,97.0,-11.7,2025-11-28,6.0,2025-12-04
Alexandre Sarr,WAS,,,473.0,,13.6,,,,,,,,,,,,,,,,,,,,,,nan,,2025-12-05
Alperen Sengun,HOU,23.3,Big,680.0,96.0,-17.6,47.0,99.0,23.7,100.0,+16.0%,94.0,-4.4%,4.0,-7.5%,30.0,-2.5,42.0,1.1,31.0,+2.4%,91.0,+3.6%,6.0,+7.6%,91.0,-8.6,2025-12-01,2.0,2025-12-05
Amen Thompson,HOU,22.8,Combo,689.0,57.0,-3.6,9.0,51.0,0.9,58.0,+1.3%,86.0,-2.9%,22.0,-3.5%,17.0,-4.5,64.0,-4.0,97.0,-9.3%,14.0,-2.6%,1.0,+9.8%,42.0,1.0,2025-12-01,2.0,2025-12-05
Amir Coffey,MIL,,,120.0,,-11.9,,,,,,,,,,,,,,,,,,,,,,nan,,2025-12-05
Andre Drummond,PHI,32.2,Big,437.0,67.0,4.2,17.0,60.0,3.3,37.0,-1.3%,77.0,-1.9%,81.0,+4.2%,54.0,0.5,65.0,-4.4,63.0,-1.7%,32.0,-1.5%,88.0,-6.7%,44.0,0.8,2025-12-02,2.0,2025-12-05
Andrew Nembhard,IND,,,431.0,,-13.6,,,,,,,,,,,,,,,,,,,,,,nan,,2025-12-05
Andrew Wiggins,MIA,30.7,Wing,629.0,3.0,-10.2,-38.0,12.0,-9.6,13.0,-4.8%,45.0,+0.1%,7.0,-6.5%,38.0,-1.4,5.0,14.6,1.0,+9.3%,24.0,-2.0%,51.0,-0.3%,84.0,-5.8,2025-12-01,2.0,2025-12-05
Anfernee Simons,BOS,26.4,Wing,518.0,26.0,-0.9,-18.0,44.0,-0.3,27.0,-2.4%,71.0,-1.6%,32.0,-2.3%,59.0,1.0,21.0,6.9,36.0,+1.5%,28.0,-1.7%,32.0,+1.6%,11.0,6.9,2025-12-02,2.0,2025-12-05
Anthony Black,ORL,21.8,Wing,608.0,20.0,2.5,-24.0,66.0,5.2,70.0,+2.9%,83.0,-2.7%,47.0,-0.8%,37.0,-1.5,4.0,15.2,17.0,+4.7%,9.0,-3.4%,34.0,+1.4%,79.0,-4.7,2025-12-01,2.0,2025-12-05
Anthony Davis,DAL,32.6,Big,238.0,41.0,1.1,-5.0,36.0,-2.0,32.0,-1.7%,59.0,-0.7%,42.0,-1.4%,45.0,-0.6,46.0,-0.0,26.0,+3.1%,61.0,+0.7%,72.0,-3.1%,67.0,-2.7,2025-12-01,2.0,2025-12-05
Anthony Edwards,MIN,24.2,Combo,611.0,55.0,-2.1,8.0,83.0,8.7,83.0,+5.0%,78.0,-2.0%,67.0,+1.7%,8.0,-7.8,32.0,4.2,44.0,+0.6%,52.0,-0.1%,72.0,-3.1%,36.0,1.7,2025-12-02,2.0,2025-12-05
Ausar Thompson,DET,22.8,Wing,502.0,60.0,3.0,12.0,64.0,4.1,85.0,+5.2%,39.0,+0.5%,75.0,+3.2%,21.0,-3.7,53.0,-1.6,23.0,+3.4%,27.0,-1.7%,67.0,-2.5%,99.0,-13.9,2025-12-01,2.0,2025-12-05
Austin Reaves,LAL,27.4,Combo,662.0,84.0,10.2,34.0,90.0,12.0,74.0,+3.1%,74.0,-1.7%,68.0,+1.9%,76.0,3.3,61.0,-3.1,53.0,-0.2%,80.0,+2.1%,39.0,+1.0%,77.0,-4.2,2025-12-01,3.0,2025-12-05
Ayo Dosunmu,CHI,25.8,Wing,528.0,78.0,3.3,28.0,91.0,12.4,75.0,+3.3%,26.0,+1.5%,86.0,+5.3%,94.0,8.8,46.0,-0.0,37.0,+1.5%,43.0,-0.6%,48.0,+0.2%,47.0,0.2,2025-12-01,2.0,2025-12-05
Bam Adebayo,MIA,28.3,Big,485.0,72.0,9.7,20.0,71.0,6.4,67.0,+2.4%,70.0,-1.6%,35.0,-2.1%,88.0,5.8,62.0,-3.1,24.0,+3.3%,35.0,-1.1%,99.0,-11.4%,68.0,-2.8,2025-12-01,2.0,2025-12-05
Baylor Scheierman,BOS,,,200.0,,1.2,,,,,,,,,,,,,,,,,,,,,,nan,,2025-12-05
Ben Saraf,BKN,,,166.0,,1.4,,,,,,,,,,,,,,,,,,,,,,nan,,2025-12-05
Ben Sheppard,IND,24.3,Combo,535.0,16.0,6.6,-21.0,35.0,-2.9,38.0,-1.1%,55.0,-0.5%,54.0,-0.1%,14.0,-5.2,14.0,9.8,10.0,+5.9%,0.0,-5.3%,83.0,-5.2%,37.0,1.6,2025-12-01,2.0,2025-12-05
Bennedict Mathurin,IND,,,353.0,,2.6,,,,,,,,,,,,,,,,,,,,,,nan,,2025-12-05
Bilal Coulibaly,WAS,,,325.0,,8.4,,,,,,,,,,,,,,,,,,,,,,nan,,2025-12-05
Bobby Portis,MIL,30.7,Big,499.0,32.0,-4.8,-13.0,27.0,-5.2,22.0,-3.3%,61.0,-0.9%,64.0,+1.2%,14.0,-5.3,45.0,0.1,45.0,+0.5%,45.0,-0.6%,52.0,-0.4%,81.0,-5.0,2025-12-01,2.0,2025-12-05
Bogdan Bogdanovic,LAC,,,212.0,,11.3,,,,,,,,,,,,,,,,,,,,,,nan,,2025-12-05
Bradley Beal,LAC,32.3,Combo,120.0,39.0,-3.9,-3.0,82.0,8.4,84.0,+5.1%,91.0,-3.7%,9.0,-6.3%,23.0,-3.5,12.0,10.7,20.0,+4.0%,30.0,-1.6%,19.0,+4.2%,68.0,-2.9,2025-11-08,25.0,2025-12-05
Brandin Podziemski,GSW,22.7,Combo,634.0,75.0,-0.3,26.0,39.0,-1.3,34.0,-1.5%,88.0,-3.2%,22.0,-3.6%,46.0,-0.5,90.0,-12.2,38.0,+1.4%,62.0,+0.8%,94.0,-8.6%,73.0,-3.7,2025-12-02,2.0,2025-12-05
Brandon Ingram,TOR,28.2,Wing,783.0,10.0,-17.4,-36.0,84.0,8.8,86.0,+5.4%,36.0,+0.8%,28.0,-2.9%,52.0,0.2,0.0,25.5,0.0,+10.2%,5.0,-4.0%,5.0,+8.1%,59.0,-1.2,2025-12-02,2.0,2025-12-05
Brandon Miller,CHA,,,149.0,,1.1,,,,,,,,,,,,,,,,,,,,,,nan,,2025-12-05
Brandon Williams,DAL,25.9,Point,445.0,89.0,9.5,42.0,65.0,4.8,45.0,-0.0%,86.0,-3.0%,90.0,+6.0%,60.0,1.1,91.0,-12.6,90.0,-5.6%,97.0,+5.0%,16.0,+5.0%,54.0,-0.8,nan,,2025-12-05
Brice Sensabaugh,UTA,22.0,Wing,302.0,15.0,-5.8,-24.0,15.0,-8.1,54.0,+0.8%,31.0,+1.0%,3.0,-9.4%,50.0,-0.1,27.0,5.5,46.0,+0.4%,55.0,+0.0%,89.0,-6.8%,2.0,11.1,2025-12-01,3.0,2025-12-05
Brook Lopez,LAC,37.6,Big,235.0,43.0,-7.5,-2.0,13.0,-9.1,23.0,-2.9%,18.0,+2.1%,56.0,+0.0%,34.0,-1.9,82.0,-8.6,88.0,-5.4%,88.0,+3.1%,6.0,+7.7%,72.0,-3.6,2025-11-23,10.0,2025-12-05
Bruce Brown,DEN,29.2,Combo,476.0,29.0,-12.2,-9.0,19.0,-7.1,10.0,-6.0%,32.0,+1.0%,49.0,-0.5%,60.0,1.1,49.0,-0.9,71.0,-2.8%,28.0,-1.6%,33.0,+1.4%,52.0,-0.5,2025-12-01,2.0,2025-12-05
Bryce McGowens,NOP,,,195.0,,4.1,,,,,,,,,,,,,,,,,,,,,,nan,,2025-12-05
Bub Carrington,WAS,20.3,Point,272.0,12.0,-14.6,-20.0,10.0,-10.3,22.0,-3.2%,27.0,+1.5%,21.0,-3.7%,52.0,0.2,32.0,4.3,29.0,+2.7%,37.0,-1.0%,56.0,-1.1%,72.0,-3.4,2025-12-02,2.0,2025-12-04
Buddy Hield,GSW,32.9,Wing,414.0,4.0,-20.1,-45.0,26.0,-5.3,14.0,-4.7%,35.0,+0.8%,58.0,+0.4%,42.0,-0.9,4.0,15.2,18.0,+4.3%,59.0,+0.5%,4.0,+8.4%,39.0,1.4,2025-12-02,2.0,2025-12-05
CJ McCollum,WAS,34.1,Combo,623.0,38.0,11.6,-2.0,78.0,7.8,35.0,-1.4%,90.0,-3.5%,88.0,+5.7%,81.0,4.4,10.0,11.1,22.0,+3.5%,42.0,-0.7%,30.0,+1.8%,7.0,8.7,2025-12-02,2.0,2025-12-05
Cade Cunningham,DET,24.1,Point,696.0,61.0,5.9,12.0,84.0,8.7,60.0,+1.4%,95.0,-4.5%,87.0,+5.6%,13.0,-5.4,36.0,3.0,58.0,-1.1%,4.0,-4.2%,54.0,-0.6%,80.0,-5.0,2025-12-01,2.0,2025-12-05
Caleb Love,POR,,,234.0,,-9.4,,,,,,,,,,,,,,,,,,,,,,nan,,2025-12-05
Caleb Martin,DAL,,,173.0,,-13.4,,,,,,,,,,,,,,,,,,,,,,nan,,2025-12-05
Cam Christie,LAC,,,131.0,,9.1,,,,,,,,,,,,,,,,,,,,,,nan,,2025-12-05
Cam Spencer,MEM,25.6,Wing,422.0,57.0,-1.9,11.0,46.0,-0.0,39.0,-0.9%,89.0,-3.5%,25.0,-3.2%,68.0,2.2,67.0,-4.9,61.0,-1.5%,87.0,+3.1%,40.0,+0.9%,51.0,-0.3,2025-12-02,3.0,2025-12-05
Cam Whitmore,WAS,21.3,Forward,346.0,50.0,-6.7,2.0,39.0,-1.5,36.0,-1.4%,51.0,-0.2%,57.0,+0.3%,46.0,-0.4,62.0,-3.4,58.0,-1.2%,73.0,+1.4%,38.0,+1.0%,45.0,0.8,2025-12-02,2.0,2025-12-05
Cameron Johnson,DEN,29.7,Wing,587.0,45.0,0.6,0.0,37.0,-1.9,30.0,-2.0%,43.0,+0.2%,55.0,-0.0%,73.0,2.9,54.0,-1.9,50.0,+0.0%,68.0,+1.1%,27.0,+2.5%,78.0,-4.4,2025-12-01,2.0,2025-12-05
Cameron Thomas,BKN,24.1,Combo,226.0,58.0,-5.5,5.0,57.0,2.4,32.0,-1.8%,94.0,-4.4%,12.0,-5.6%,86.0,5.4,58.0,-2.7,72.0,-2.8%,32.0,-1.5%,31.0,+1.7%,28.0,3.0,2025-11-05,28.0,2025-12-05
Caris LeVert,DET,31.2,Combo,328.0,41.0,-15.2,-4.0,22.0,-5.9,25.0,-2.7%,79.0,-2.1%,1.0,-11.1%,77.0,3.6,64.0,-3.9,48.0,+0.2%,72.0,+1.4%,73.0,-3.2%,74.0,-3.7,2025-12-01,2.0,2025-12-05
Carlton Carrington,WAS,,,510.0,,-21.2,,,,,,,,,,,,,,,,,,,,,,nan,,2025-12-05
Carter Bryant,SAS,,,112.0,,-10.8,,,,,,,,,,,,,,,,,,,,,,nan,,2025-12-05
Cason Wallace,OKC,22.0,Wing,594.0,30.0,-4.4,-8.0,37.0,-1.9,57.0,+1.1%,38.0,+0.6%,72.0,+2.6%,19.0,-4.2,33.0,4.0,16.0,+4.8%,61.0,+0.7%,22.0,+3.4%,87.0,-6.8,2025-12-02,3.0,2025-12-05
Cedric Coward,MEM,22.1,Wing,584.0,87.0,17.5,32.0,83.0,8.6,81.0,+4.5%,16.0,+2.2%,51.0,-0.3%,69.0,2.3,78.0,-7.4,94.0,-6.9%,42.0,-0.7%,64.0,-2.2%,24.0,3.7,2025-12-02,3.0,2025-12-05
Chaz Lanier,DET,,,109.0,,-4.1,,,,,,,,,,,,,,,,,,,,,,nan,,2025-12-05
Chet Holmgren,OKC,23.5,Big,531.0,68.0,-0.7,10.0,69.0,5.8,83.0,+4.7%,15.0,+2.3%,74.0,+2.8%,57.0,0.8,57.0,-2.5,38.0,+1.2%,21.0,-2.0%,92.0,-7.6%,71.0,-3.3,2025-12-02,3.0,2025-12-05
Chris Paul,LAC,,,210.0,,-9.6,,,,,,,,,,,,,,,,,,,,,,nan,,2025-12-05
Christian Braun,DEN,24.5,Wing,323.0,79.0,14.8,21.0,87.0,9.7,88.0,+6.1%,21.0,+1.9%,48.0,-0.6%,62.0,1.7,60.0,-3.0,40.0,+1.1%,89.0,+3.2%,41.0,+0.8%,68.0,-3.0,2025-11-12,21.0,2025-12-05
Clint Capela,HOU,,,157.0,,-9.0,,,,,,,,,,,,,,,,,,,,,,nan,,2025-12-05
Coby White,CHI,,,153.0,,12.0,,,,,,,,,,,,,,,,,,,,,,nan,,2025-12-05
Cody Williams,UTA,,,122.0,,-4.9,,,,,,,,,,,,,,,,,,,,,,nan,,2025-12-05
Cole Anthony,MIL,25.5,Point,347.0,61.0,-11.7,14.0,30.0,-4.3,24.0,-2.8%,39.0,+0.4%,79.0,+3.9%,18.0,-4.5,87.0,-10.0,74.0,-3.0%,70.0,+1.2%,49.0,+0.0%,82.0,-5.3,2025-12-01,2.0,2025-12-05
Collin Gillespie,PHX,26.4,Point,572.0,31.0,0.2,-14.0,43.0,-0.9,58.0,+1.3%,24.0,+1.6%,70.0,+2.3%,9.0,-7.5,30.0,4.9,49.0,+0.1%,23.0,-2.0%,10.0,+5.7%,56.0,-0.9,2025-12-01,4.0,2025-12-05
Collin Murray-Boyles,TOR,20.4,Big,318.0,7.0,-11.3,-42.0,1.0,-21.2,0.0,-11.2%,68.0,-1.4%,28.0,-2.7%,15.0,-5.2,59.0,-2.8,62.0,-1.7%,71.0,+1.3%,21.0,+3.7%,25.0,3.5,2025-12-02,2.0,2025-12-05
Collin Sexton,CHA,26.8,Combo,524.0,58.0,-0.4,12.0,30.0,-4.2,90.0,+7.0%,20.0,+1.9%,17.0,-4.2%,17.0,-4.8,84.0,-9.1,78.0,-3.4%,86.0,+2.8%,55.0,-0.7%,21.0,4.4,2025-12-01,2.0,2025-12-05
Cooper Flagg,DAL,18.9,Combo,742.0,2.0,-16.2,-56.0,4.0,-15.1,16.0,-4.3%,66.0,-1.2%,23.0,-3.5%,8.0,-7.7,12.0,10.5,34.0,+2.1%,4.0,-4.2%,32.0,+1.6%,17.0,5.1,2025-12-01,2.0,2025-12-05
Corey Kispert,WAS,26.7,Wing,338.0,86.0,15.3,20.0,61.0,3.4,43.0,-0.3%,70.0,-1.5%,45.0,-1.0%,68.0,2.2,90.0,-12.5,95.0,-7.1%,31.0,-1.5%,69.0,-2.8%,25.0,3.5,2025-11-25,9.0,2025-12-05
Craig Porter,CLE,25.7,Point,322.0,14.0,-6.3,-32.0,24.0,-5.6,40.0,-0.8%,10.0,+2.9%,58.0,+0.4%,38.0,-1.5,17.0,8.2,3.0,+7.9%,94.0,+4.2%,18.0,+4.3%,50.0,-0.2,2025-12-01,2.0,2025-12-05
D'Angelo Russell,DAL,29.7,Point,388.0,47.0,1.8,3.0,72.0,6.6,70.0,+2.9%,85.0,-2.8%,10.0,-6.2%,62.0,1.6,26.0,5.7,49.0,+0.0%,15.0,-2.5%,36.0,+1.2%,48.0,0.0,2025-12-01,2.0,2025-12-05
Dalen Terry,CHI,,,106.0,,12.8,,,,,,,,,,,,,,,,,,,,,,nan,,2025-12-05
Dalton Knecht,LAL,24.5,Wing,261.0,7.0,-12.9,-40.0,4.0,-14.9,3.0,-8.0%,17.0,+2.2%,27.0,-3.0%,41.0,-1.0,37.0,2.9,90.0,-5.5%,56.0,+0.2%,0.0,+12.6%,15.0,5.3,2025-12-01,3.0,2025-12-05
Daniel Gafford,DAL,,,343.0,,1.2,,,,,,,,,,,,,,,,,,,,,,nan,,2025-12-05
Daniss Jenkins,DET,,,299.0,,1.4,,,,,,,,,,,,,,,,,,,,,,nan,,2025-12-05
Danny Wolf,BKN,,,117.0,,18.5,,,,,,,,,,,,,,,,,,,,,,nan,,2025-12-05
Darius Garland,CLE,,,223.0,,-6.3,,,,,,,,,,,,,,,,,,,,,,nan,,2025-12-05
Davion Mitchell,MIA,27.2,Point,663.0,6.0,3.0,-33.0,14.0,-8.7,10.0,-6.1%,81.0,-2.4%,6.0,-7.1%,22.0,-3.5,13.0,10.1,3.0,+8.5%,31.0,-1.5%,70.0,-2.8%,83.0,-5.7,2025-12-01,2.0,2025-12-05
Day'Ron Sharpe,BKN,24.0,Big,314.0,22.0,1.1,-9.0,3.0,-18.9,5.0,-7.4%,1.0,+6.0%,76.0,+3.4%,48.0,-0.3,86.0,-9.4,54.0,-0.3%,85.0,+2.7%,84.0,-5.4%,8.0,8.2,2025-12-01,2.0,2025-12-05
De'Aaron Fox,SAS,,,427.0,,1.4,,,,,,,,,,,,,,,,,,,,,,nan,,2025-12-05
DeAndre Hunter,CLE,27.9,Wing,550.0,60.0,-4.4,13.0,49.0,0.4,16.0,-4.3%,47.0,-0.0%,91.0,+6.3%,55.0,0.6,69.0,-5.3,56.0,-0.6%,24.0,-2.0%,89.0,-6.8%,61.0,-1.5,2025-12-01,2.0,2025-12-05
DeMar DeRozan,SAC,36.2,Forward,717.0,55.0,-0.8,8.0,59.0,2.8,29.0,-2.2%,86.0,-2.9%,51.0,-0.4%,65.0,1.8,52.0,-1.5,71.0,-2.7%,17.0,-2.4%,25.0,+2.6%,6.0,8.8,2025-11-30,3.0,2025-12-05
Dean Wade,CLE,28.9,Forward,461.0,14.0,-4.6,-32.0,5.0,-14.3,11.0,-5.9%,25.0,+1.6%,14.0,-4.7%,71.0,2.5,47.0,-0.1,20.0,+4.1%,86.0,+2.8%,94.0,-8.4%,23.0,3.8,2025-12-01,2.0,2025-12-05
Deandre Ayton,LAL,27.3,Big,560.0,9.0,-3.9,-37.0,23.0,-5.9,33.0,-1.6%,30.0,+1.2%,41.0,-1.6%,9.0,-7.3,11.0,11.0,9.0,+6.2%,81.0,+2.2%,9.0,+6.2%,71.0,-3.3,2025-12-01,3.0,2025-12-05
Deni Avdija,POR,24.8,Forward,754.0,97.0,17.2,53.0,98.0,20.4,99.0,+10.0%,76.0,-1.9%,72.0,+2.6%,83.0,4.7,74.0,-6.2,46.0,+0.4%,67.0,+1.0%,59.0,-1.4%,70.0,-3.1,2025-12-02,1.0,2025-12-05
Dennis Schroder,SAC,32.1,Point,523.0,5.0,-4.3,-40.0,33.0,-3.2,17.0,-4.2%,94.0,-4.2%,44.0,-1.1%,23.0,-3.4,2.0,16.4,12.0,+5.7%,6.0,-3.8%,23.0,+3.0%,38.0,1.6,2025-11-24,9.0,2025-12-05
Dereck Lively II,DAL,,,115.0,,11.0,,,,,,,,,,,,,,,,,,,,,,nan,,2025-12-05
Derik Queen,NOP,20.8,Big,541.0,91.0,-0.7,34.0,80.0,8.2,52.0,+0.6%,23.0,+1.7%,81.0,+4.3%,97.0,9.9,89.0,-11.2,93.0,-6.1%,94.0,+4.2%,7.0,+7.4%,63.0,-1.8,2025-12-02,2.0,2025-12-05
Derrick Jones Jr.,LAC,28.7,Forward,322.0,46.0,-2.3,3.0,92.0,13.0,97.0,+8.5%,56.0,-0.5%,15.0,-4.6%,11.0,-6.3,8.0,12.4,17.0,+4.6%,0.0,-5.9%,53.0,-0.4%,24.0,3.5,2025-11-16,17.0,2025-12-05
Derrick White,BOS,31.3,Combo,696.0,48.0,5.9,2.0,32.0,-3.6,48.0,+0.1%,19.0,+2.0%,63.0,+1.1%,68.0,2.2,65.0,-4.5,49.0,+0.1%,69.0,+1.2%,53.0,-0.5%,63.0,-1.9,2025-12-02,2.0,2025-12-05
Desmond Bane,ORL,27.4,Combo,723.0,47.0,1.6,2.0,41.0,-1.1,62.0,+1.6%,8.0,+3.1%,38.0,-1.9%,74.0,3.1,54.0,-1.9,64.0,-1.8%,11.0,-3.1%,85.0,-5.6%,42.0,1.0,2025-12-01,2.0,2025-12-05
Devin Booker,PHX,29.0,Combo,761.0,96.0,-5.5,45.0,80.0,8.2,41.0,-0.6%,55.0,-0.5%,65.0,+1.7%,97.0,10.0,93.0,-14.5,89.0,-5.4%,88.0,+3.1%,76.0,-3.7%,5.0,9.3,2025-12-01,4.0,2025-12-05
Devin Vassell,SAS,25.2,Wing,689.0,98.0,8.5,59.0,91.0,12.3,91.0,+7.1%,38.0,+0.5%,66.0,+1.7%,59.0,1.1,96.0,-17.5,96.0,-8.2%,90.0,+3.5%,20.0,+3.9%,77.0,-4.3,2025-12-02,1.0,2025-12-05
Dillon Brooks,PHX,29.8,Wing,499.0,19.0,-6.9,-25.0,25.0,-5.5,28.0,-2.3%,2.0,+5.1%,78.0,+3.8%,67.0,2.1,28.0,5.2,13.0,+5.6%,53.0,-0.1%,81.0,-4.6%,12.0,6.8,2025-12-01,4.0,2025-12-05
Domantas Sabonis,SAC,29.5,Big,364.0,11.0,-13.6,-29.0,26.0,-5.4,17.0,-4.0%,57.0,-0.6%,40.0,-1.6%,57.0,0.7,13.0,10.0,19.0,+4.2%,7.0,-3.8%,79.0,-4.4%,37.0,1.6,2025-11-16,17.0,2025-12-05
Dominick Barlow,PHI,,,309.0,,1.0,,,,,,,,,,,,,,,,,,,,,,nan,,2025-12-05
Donovan Clingan,POR,21.7,Big,527.0,39.0,0.5,-6.0,2.0,-19.5,3.0,-8.2%,0.0,+6.1%,98.0,+9.5%,16.0,-5.0,95.0,-16.8,94.0,-6.6%,70.0,+1.2%,91.0,-7.6%,98.0,-12.0,2025-12-02,1.0,2025-12-05
Donovan Mitchell,CLE,29.1,Combo,715.0,97.0,12.5,55.0,99.0,20.7,99.0,+11.0%,57.0,-0.5%,55.0,+0.0%,93.0,8.5,71.0,-5.7,68.0,-2.2%,11.0,-3.0%,78.0,-4.4%,39.0,1.4,2025-12-01,2.0,2025-12-05
Donte DiVincenzo,MIN,28.8,Wing,692.0,44.0,14.1,0.0,41.0,-1.1,51.0,+0.4%,90.0,-3.6%,8.0,-6.4%,33.0,-2.1,50.0,-1.0,60.0,-1.4%,39.0,-0.9%,51.0,-0.2%,83.0,-5.5,2025-12-02,2.0,2025-12-05
Drake Powell,BKN,,,267.0,,1.2,,,,,,,,,,,,,,,,,,,,,,nan,,2025-12-05
Draymond Green,GSW,35.7,Big,562.0,92.0,13.6,44.0,65.0,4.3,91.0,+7.1%,42.0,+0.3%,23.0,-3.5%,53.0,0.3,93.0,-15.4,96.0,-7.8%,16.0,-2.4%,90.0,-7.2%,93.0,-9.3,2025-12-02,2.0,2025-12-05
Drew Eubanks,SAC,28.7,Big,340.0,85.0,4.7,32.0,76.0,7.3,84.0,+5.0%,52.0,-0.3%,33.0,-2.3%,62.0,1.6,81.0,-8.4,67.0,-2.0%,78.0,+2.0%,44.0,+0.4%,95.0,-10.6,2025-11-30,3.0,2025-12-05
Dru Smith,MIA,27.8,Point,370.0,93.0,-1.3,35.0,87.0,9.7,88.0,+6.1%,16.0,+2.3%,95.0,+7.9%,63.0,1.7,87.0,-10.6,96.0,-9.0%,65.0,+1.0%,25.0,+2.7%,10.0,7.3,2025-12-01,2.0,2025-12-05
Duncan Robinson,DET,31.5,Wing,638.0,51.0,11.9,3.0,80.0,8.2,78.0,+3.9%,90.0,-3.6%,53.0,-0.1%,9.0,-7.5,23.0,6.2,39.0,+1.2%,1.0,-4.9%,88.0,-6.7%,27.0,3.2,2025-11-29,4.0,2025-12-05
Dwight Powell,DAL,,,181.0,,9.0,,,,,,,,,,,,,,,,,,,,,,nan,,2025-12-05
Dylan Harper,SAS,19.7,Combo,230.0,83.0,-1.3,24.0,94.0,14.5,50.0,+0.2%,96.0,-4.7%,100.0,+11.7%,66.0,1.9,43.0,0.9,69.0,-2.4%,30.0,-1.6%,93.0,-8.2%,19.0,4.8,2025-12-02,1.0,2025-12-05
Dyson Daniels,ATL,22.6,Wing,775.0,80.0,11.6,31.0,97.0,19.0,89.0,+6.4%,100.0,-7.3%,41.0,-1.6%,55.0,0.5,24.0,6.1,8.0,+6.2%,96.0,+4.8%,17.0,+4.5%,33.0,2.2,2025-12-01,2.0,2025-12-05
Egor Dëmin,BKN,19.7,Point,449.0,31.0,0.7,-5.0,30.0,-4.2,39.0,-0.9%,7.0,+3.5%,48.0,-0.6%,49.0,-0.2,41.0,1.4,41.0,+0.9%,82.0,+2.4%,33.0,+1.5%,31.0,2.6,2025-12-01,2.0,2025-12-05
Evan Mobley,CLE,24.4,Big,744.0,74.0,10.8,25.0,78.0,7.8,79.0,+4.1%,42.0,+0.3%,79.0,+3.9%,44.0,-0.7,59.0,-2.8,73.0,-2.9%,6.0,-3.9%,75.0,-3.5%,58.0,-1.1,2025-12-01,2.0,2025-12-05
Franz Wagner,ORL,24.2,Wing,759.0,59.0,-3.1,12.0,46.0,-0.0,46.0,+0.0%,12.0,+2.7%,78.0,+3.8%,50.0,-0.0,68.0,-5.1,42.0,+0.8%,67.0,+1.0%,55.0,-0.9%,9.0,7.7,2025-12-01,2.0,2025-12-05
Gabe Vincent,LAL,,,218.0,,10.4,,,,,,,,,,,,,,,,,,,,,,nan,,2025-12-05
Gary Harris,MIL,,,166.0,,-13.7,,,,,,,,,,,,,,,,,,,,,,nan,,2025-12-05
Gary Payton II,GSW,,,242.0,,-1.6,,,,,,,,,,,,,,,,,,,,,,nan,,2025-12-05
Gary Trent Jr.,MIL,26.8,Wing,636.0,4.0,-16.8,-45.0,10.0,-10.5,25.0,-2.7%,7.0,+3.1%,70.0,+2.3%,39.0,-1.4,10.0,11.6,7.0,+6.6%,27.0,-1.7%,83.0,-5.0%,8.0,8.2,nan,,2025-12-05
Giannis Antetokounmpo,MIL,30.9,Forward,494.0,86.0,18.8,36.0,97.0,19.3,97.0,+8.6%,61.0,-0.9%,93.0,+7.3%,91.0,7.5,34.0,3.5,40.0,+1.1%,13.0,-2.7%,50.0,-0.2%,33.0,2.1,2025-12-01,2.0,2025-12-05
Goga Bitadze,ORL,26.3,Big,338.0,40.0,1.6,-5.0,55.0,2.0,65.0,+2.3%,98.0,-5.4%,31.0,-2.4%,7.0,-7.8,32.0,4.1,21.0,+3.9%,71.0,+1.3%,56.0,-1.1%,95.0,-10.5,2025-12-01,2.0,2025-12-05
Gradey Dick,TOR,21.9,Wing,347.0,99.0,23.1,52.0,73.0,6.7,51.0,+0.3%,62.0,-1.1%,65.0,+1.7%,85.0,5.1,99.0,-23.7,97.0,-9.9%,86.0,+2.8%,93.0,-8.3%,30.0,2.7,2025-12-02,2.0,2025-12-05
Grayson Allen,PHX,30.1,Wing,442.0,71.0,0.6,22.0,73.0,6.7,82.0,+4.7%,84.0,-2.7%,8.0,-6.4%,75.0,3.2,56.0,-2.2,36.0,+1.6%,79.0,+2.0%,31.0,+1.6%,84.0,-5.7,2025-11-29,6.0,2025-12-05
Guerschon Yabusele,NYK,,,184.0,,-2.9,,,,,,,,,,,,,,,,,,,,,,nan,,2025-12-05
Harrison Barnes,SAS,33.4,Big,650.0,13.0,-2.4,-27.0,29.0,-4.5,85.0,+5.3%,3.0,+4.6%,18.0,-4.2%,10.0,-6.8,14.0,9.9,13.0,+5.6%,3.0,-4.4%,61.0,-1.7%,91.0,-8.7,2025-12-02,1.0,2025-12-05
Herbert Jones,NOP,27.1,Wing,484.0,95.0,-0.6,27.0,74.0,6.8,83.0,+4.7%,77.0,-1.9%,20.0,-3.8%,2.0,-10.5,94.0,-15.7,30.0,+2.4%,84.0,+2.5%,99.0,-11.3%,77.0,-4.3,2025-11-21,13.0,2025-12-05
Hugo González,BOS,19.7,Wing,174.0,62.0,7.5,16.0,34.0,-2.9,43.0,-0.1%,92.0,-3.9%,4.0,-7.6%,16.0,-4.8,85.0,-9.4,83.0,-4.1%,100.0,+7.8%,8.0,+6.5%,35.0,1.9,2025-12-02,2.0,2025-12-05
Immanuel Quickley,TOR,26.4,Point,743.0,6.0,-7.1,-38.0,9.0,-10.9,45.0,-0.0%,67.0,-1.3%,10.0,-6.2%,32.0,-2.1,19.0,7.8,32.0,+2.3%,17.0,-2.3%,9.0,+6.1%,90.0,-8.1,2025-12-02,2.0,2025-12-05
Isaac Okoro,CHI,24.8,Wing,372.0,21.0,-11.7,-24.0,27.0,-5.2,49.0,+0.2%,66.0,-1.2%,43.0,-1.3%,12.0,-5.9,30.0,4.8,45.0,+0.5%,22.0,-2.0%,15.0,+5.0%,62.0,-1.6,2025-11-21,12.0,2025-12-05
Isaiah Collier,UTA,,,262.0,,-19.5,,,,,,,,,,,,,,,,,,,,,,nan,,2025-12-05
Isaiah Hartenstein,OKC,27.5,Big,523.0,42.0,-2.0,-2.0,57.0,2.4,72.0,+3.0%,5.0,+4.0%,100.0,+13.6%,12.0,-6.0,36.0,3.2,2.0,+8.5%,68.0,+1.1%,74.0,-3.3%,81.0,-5.1,2025-11-26,9.0,2025-12-05
Isaiah Jackson,IND,23.8,Big,413.0,69.0,1.5,16.0,70.0,5.8,87.0,+5.9%,41.0,+0.3%,77.0,+3.8%,25.0,-3.0,60.0,-3.0,48.0,+0.1%,81.0,+2.3%,8.0,+6.8%,92.0,-8.9,2025-12-01,2.0,2025-12-05
Isaiah Joe,OKC,26.3,Wing,337.0,54.0,3.6,4.0,67.0,5.4,38.0,-1.2%,98.0,-5.6%,25.0,-3.1%,65.0,1.8,42.0,1.2,56.0,-0.7%,93.0,+4.1%,12.0,+5.5%,26.0,3.4,2025-12-02,3.0,2025-12-05
Isaiah Livers,PHX,,,143.0,,17.8,,,,,,,,,,,,,,,,,,,,,,nan,,2025-12-05
Isaiah Stewart,DET,24.4,Big,421.0,23.0,-11.2,-19.0,20.0,-6.4,23.0,-3.2%,78.0,-2.0%,16.0,-4.5%,26.0,-2.8,36.0,2.9,55.0,-0.5%,10.0,-3.1%,48.0,+0.1%,89.0,-7.7,2025-12-01,2.0,2025-12-05
Ivica Zubac,LAC,28.6,Big,712.0,54.0,14.9,7.0,86.0,9.4,68.0,+2.4%,80.0,-2.1%,58.0,+0.3%,70.0,2.3,23.0,6.2,21.0,+3.9%,16.0,-2.4%,87.0,-6.6%,20.0,4.5,2025-12-01,2.0,2025-12-05
Ja Morant,MEM,26.2,Point,345.0,52.0,-4.4,5.0,28.0,-5.1,28.0,-2.2%,54.0,-0.4%,73.0,+2.7%,33.0,-2.0,78.0,-7.9,33.0,+2.1%,72.0,+1.4%,70.0,-2.8%,43.0,0.9,2025-11-15,20.0,2025-12-05
Ja'Kobe Walter,TOR,,,305.0,,-10.0,,,,,,,,,,,,,,,,,,,,,,nan,,2025-12-05
Jabari Smith Jr.,HOU,22.5,Forward,598.0,70.0,4.5,15.0,79.0,8.0,97.0,+8.8%,60.0,-0.8%,9.0,-6.3%,91.0,6.9,49.0,-0.9,83.0,-4.2%,49.0,-0.3%,37.0,+1.1%,14.0,5.4,nan,,2025-12-05
Jabari Walker,PHI,23.3,Forward,252.0,32.0,-5.8,-13.0,53.0,1.7,77.0,+3.5%,21.0,+1.8%,90.0,+6.0%,3.0,-10.4,20.0,7.2,6.0,+6.7%,90.0,+3.5%,34.0,+1.4%,41.0,1.0,2025-12-02,2.0,2025-12-05
Jaden Hardy,DAL,,,169.0,,13.7,,,,,,,,,,,,,,,,,,,,,,nan,,2025-12-05
Jaden McDaniels,MIN,25.1,Wing,666.0,61.0,6.1,12.0,77.0,7.4,92.0,+7.1%,81.0,-2.4%,2.0,-9.6%,36.0,-1.7,40.0,1.7,53.0,-0.2%,52.0,-0.1%,13.0,+5.3%,55.0,-0.9,2025-12-02,2.0,2025-12-05
Jaime Jaquez Jr.,MIA,24.7,Wing,603.0,100.0,9.5,62.0,77.0,7.7,53.0,+0.7%,35.0,+0.8%,94.0,+7.4%,74.0,3.0,99.0,-26.2,100.0,-13.3%,95.0,+4.5%,51.0,-0.3%,43.0,0.9,2025-12-01,2.0,2025-12-05
Jake LaRavia,LAL,24.0,Wing,527.0,12.0,-9.0,-33.0,17.0,-7.6,24.0,-2.8%,70.0,-1.6%,57.0,+0.3%,5.0,-8.8,20.0,7.3,24.0,+3.3%,77.0,+1.9%,32.0,+1.6%,41.0,1.1,2025-12-01,3.0,2025-12-05
Jakob Poeltl,TOR,30.0,Big,422.0,13.0,-0.5,-33.0,36.0,-2.1,58.0,+1.2%,25.0,+1.6%,68.0,+1.9%,52.0,0.3,9.0,12.3,7.0,+6.3%,1.0,-4.5%,63.0,-2.1%,67.0,-2.6,2025-12-02,2.0,2025-12-05
Jalen Brunson,NYK,29.2,Point,660.0,68.0,8.5,16.0,70.0,6.2,66.0,+2.3%,65.0,-1.2%,37.0,-2.0%,64.0,1.8,55.0,-2.1,61.0,-1.5%,78.0,+1.9%,35.0,+1.3%,29.0,2.7,2025-12-02,1.0,2025-12-05
Jalen Duren,DET,22.0,Big,552.0,88.0,17.5,37.0,88.0,10.3,78.0,+3.7%,56.0,-0.5%,91.0,+6.6%,38.0,-1.5,77.0,-7.0,77.0,-3.2%,41.0,-0.7%,42.0,+0.6%,94.0,-9.6,2025-12-01,2.0,2025-12-05
Jalen Johnson,ATL,23.9,Forward,697.0,1.0,4.1,-56.0,5.0,-14.0,18.0,-3.9%,13.0,+2.6%,11.0,-5.9%,91.0,7.6,7.0,13.2,27.0,+3.0%,18.0,-2.3%,21.0,+3.8%,12.0,6.9,2025-12-01,2.0,2025-12-05
Jalen Smith,CHI,25.6,Big,305.0,72.0,4.3,21.0,93.0,13.3,69.0,+2.7%,44.0,+0.1%,97.0,+9.0%,72.0,2.8,34.0,3.8,51.0,+0.0%,79.0,+2.1%,27.0,+2.4%,3.0,10.9,2025-11-28,5.0,2025-12-05
Jalen Suggs,ORL,24.4,Combo,417.0,98.0,11.5,58.0,93.0,13.4,96.0,+8.3%,40.0,+0.3%,62.0,+1.0%,41.0,-1.2,94.0,-16.1,94.0,-6.6%,87.0,+3.0%,60.0,-1.5%,6.0,9.0,2025-12-01,2.0,2025-12-05
Jalen Wilson,BKN,25.0,Wing,234.0,36.0,-13.1,-4.0,32.0,-3.5,26.0,-2.6%,59.0,-0.7%,67.0,+1.8%,28.0,-2.6,45.0,0.5,75.0,-3.1%,64.0,+0.9%,26.0,+2.6%,38.0,1.5,2025-11-29,4.0,2025-12-05
Jamal Murray,DEN,28.7,Point,694.0,42.0,4.6,-2.0,49.0,0.3,64.0,+2.2%,73.0,-1.7%,14.0,-4.9%,45.0,-0.7,42.0,1.3,27.0,+2.9%,26.0,-1.8%,95.0,-8.9%,14.0,5.7,2025-12-01,2.0,2025-12-05
Jamal Shead,TOR,23.3,Point,425.0,81.0,4.2,29.0,77.0,7.5,37.0,-1.3%,45.0,+0.0%,88.0,+5.7%,43.0,-0.8,71.0,-5.7,80.0,-3.6%,76.0,+1.7%,65.0,-2.3%,10.0,7.5,2025-12-02,2.0,2025-12-05
James Harden,LAC,36.2,Point,738.0,94.0,6.1,33.0,99.0,22.9,99.0,+11.8%,87.0,-3.1%,27.0,-2.9%,63.0,1.7,39.0,2.0,32.0,+2.2%,38.0,-1.0%,82.0,-4.7%,34.0,2.0,2025-12-01,2.0,2025-12-05
Jamison Battle,TOR,,,104.0,,26.1,,,,,,,,,,,,,,,,,,,,,,nan,,2025-12-05
Jarace Walker,IND,22.2,Wing,580.0,66.0,-5.8,13.0,91.0,12.1,98.0,+8.9%,72.0,-1.7%,38.0,-1.9%,27.0,-2.6,30.0,4.7,29.0,+2.7%,52.0,-0.1%,11.0,+5.7%,66.0,-2.5,2025-12-01,2.0,2025-12-05
Jared McCain,PHI,,,210.0,,-1.5,,,,,,,,,,,,,,,,,,,,,,nan,,2025-12-05
Jaren Jackson,MEM,26.1,Big,590.0,25.0,-5.5,-19.0,31.0,-3.8,55.0,+0.9%,63.0,-1.1%,20.0,-3.8%,10.0,-6.8,31.0,4.6,44.0,+0.6%,10.0,-3.1%,75.0,-3.5%,45.0,0.8,nan,,2025-12-05
Jarred Vanderbilt,LAL,26.6,Big,242.0,79.0,-4.0,29.0,74.0,6.9,81.0,+4.4%,3.0,+5.1%,98.0,+9.7%,75.0,3.2,72.0,-5.7,72.0,-2.8%,64.0,+0.9%,84.0,-5.4%,11.0,6.9,2025-11-15,19.0,2025-12-05
Jarrett Allen,CLE,27.5,Big,391.0,97.0,5.9,52.0,97.0,18.2,91.0,+7.0%,92.0,-3.8%,74.0,+2.8%,85.0,5.2,83.0,-8.7,71.0,-2.6%,80.0,+2.1%,54.0,-0.6%,84.0,-5.8,2025-11-28,5.0,2025-12-05
Javonte Green,DET,32.3,Wing,409.0,33.0,2.7,-9.0,14.0,-8.4,40.0,-0.8%,4.0,+4.2%,64.0,+1.2%,90.0,6.8,63.0,-3.9,74.0,-3.0%,99.0,+5.6%,2.0,+8.8%,26.0,3.2,2025-12-01,2.0,2025-12-05
Jaxson Hayes,LAL,25.4,Big,311.0,59.0,-3.4,13.0,47.0,0.1,44.0,-0.1%,71.0,-1.6%,62.0,+0.9%,42.0,-0.9,68.0,-5.2,61.0,-1.5%,8.0,-3.5%,98.0,-10.6%,28.0,3.0,2025-12-01,3.0,2025-12-05
Jay Huff,IND,28.2,Big,364.0,32.0,4.2,-9.0,8.0,-11.6,11.0,-5.8%,37.0,+0.6%,21.0,-3.7%,64.0,1.7,77.0,-6.8,82.0,-4.0%,57.0,+0.3%,51.0,-0.2%,53.0,-0.6,2025-12-01,2.0,2025-12-05
Jaylen Brown,BOS,29.0,Wing,701.0,13.0,-2.8,-33.0,68.0,5.4,80.0,+4.3%,14.0,+2.6%,65.0,+1.5%,67.0,2.2,1.0,19.6,5.0,+7.4%,18.0,-2.2%,19.0,+4.1%,23.0,3.8,2025-12-02,2.0,2025-12-05
Jaylen Clark,MIN,24.1,Wing,290.0,76.0,3.6,20.0,72.0,6.5,53.0,+0.7%,46.0,0.0%,96.0,+8.4%,78.0,3.9,66.0,-4.6,85.0,-4.8%,84.0,+2.5%,26.0,+2.5%,32.0,2.3,2025-12-02,2.0,2025-12-05
Jaylen Wells,MEM,22.2,Wing,579.0,34.0,2.8,-9.0,55.0,1.9,59.0,+1.3%,84.0,-2.7%,70.0,+2.4%,7.0,-8.5,22.0,6.3,19.0,+4.2%,15.0,-2.6%,58.0,-1.2%,16.0,5.2,2025-12-02,3.0,2025-12-05
Jaylin Williams,OKC,23.3,Big,344.0,23.0,-2.1,-13.0,19.0,-6.9,15.0,-4.5%,82.0,-2.5%,1.0,-12.5%,78.0,3.9,39.0,2.3,91.0,-5.8%,40.0,-0.8%,14.0,+5.2%,16.0,5.1,2025-12-02,3.0,2025-12-05
Jaylon Tyson,CLE,22.9,Wing,472.0,46.0,1.0,0.0,51.0,1.2,41.0,-0.5%,49.0,-0.1%,93.0,+7.1%,1.0,-10.7,43.0,1.0,75.0,-3.0%,77.0,+1.9%,6.0,+8.0%,30.0,2.7,2025-12-01,2.0,2025-12-05
Jerami Grant,POR,31.6,Big,614.0,6.0,-5.2,-42.0,56.0,2.3,67.0,+2.4%,34.0,+0.9%,6.0,-7.1%,80.0,4.2,1.0,20.9,4.0,+7.8%,36.0,-1.1%,3.0,+8.5%,18.0,4.9,2025-12-02,1.0,2025-12-05
Jeremiah Fears,NOP,19.0,Point,619.0,29.0,-9.2,-9.0,42.0,-1.0,47.0,+0.0%,28.0,+1.4%,54.0,-0.1%,19.0,-4.4,28.0,5.2,28.0,+2.8%,39.0,-0.9%,7.0,+7.4%,51.0,-0.3,2025-12-02,2.0,2025-12-05
Jeremiah Robinson-Earl,IND,,,276.0,,-13.0,,,,,,,,,,,,,,,,,,,,,,nan,,2025-12-05
Jeremy Sochan,SAS,,,247.0,,-17.9,,,,,,,,,,,,,,,,,,,,,,nan,,2025-12-05
Jericho Sims,MIL,,,197.0,,-24.6,,,,,,,,,,,,,,,,,,,,,,nan,,2025-12-05
Jett Howard,ORL,,,124.0,,-6.4,,,,,,,,,,,,,,,,,,,,,,nan,,2025-12-05
Jevon Carter,CHI,,,154.0,,-13.6,,,,,,,,,,,,,,,,,,,,,,nan,,2025-12-05
Jimmy Butler,GSW,36.1,Wing,616.0,77.0,13.2,28.0,63.0,3.7,45.0,-0.0%,99.0,-6.0%,42.0,-1.3%,77.0,3.8,79.0,-7.9,70.0,-2.5%,23.0,-2.0%,80.0,-4.5%,97.0,-11.7,2025-12-02,2.0,2025-12-05
Jock Landale,MEM,30.0,Big,475.0,50.0,-21.7,3.0,33.0,-3.5,22.0,-3.5%,51.0,-0.2%,78.0,+3.8%,23.0,-3.4,70.0,-5.4,29.0,+2.7%,92.0,+4.0%,30.0,+1.8%,85.0,-6.0,2025-12-02,3.0,2025-12-05
Joel Embiid,PHI,31.6,Big,195.0,34.0,-3.7,-11.0,71.0,6.2,94.0,+7.5%,61.0,-0.9%,10.0,-6.1%,20.0,-3.7,12.0,10.6,7.0,+6.4%,12.0,-3.0%,64.0,-2.2%,71.0,-3.3,2025-11-30,4.0,2025-12-05
John Collins,LAC,28.1,Forward,585.0,63.0,2.8,11.0,18.0,-7.4,12.0,-5.6%,6.0,+3.8%,91.0,+6.7%,81.0,4.5,92.0,-13.9,92.0,-6.0%,95.0,+4.5%,33.0,+1.5%,55.0,-0.9,2025-12-01,2.0,2025-12-05
John Konchar,MEM,29.6,Forward,233.0,75.0,7.6,26.0,52.0,1.3,38.0,-0.9%,74.0,-1.8%,52.0,-0.2%,34.0,-1.9,86.0,-9.6,82.0,-4.0%,48.0,-0.4%,74.0,-3.3%,87.0,-6.8,2025-12-02,3.0,2025-12-05
Jonas Valanciunas,DEN,33.5,Big,255.0,3.0,-23.8,-45.0,0.0,-22.7,9.0,-6.2%,22.0,+1.8%,42.0,-1.3%,0.0,-14.0,44.0,0.8,43.0,+0.6%,10.0,-3.1%,48.0,+0.1%,22.0,4.1,2025-12-01,2.0,2025-12-05
Jonathan Isaac,ORL,,,196.0,,-15.3,,,,,,,,,,,,,,,,,,,,,,nan,,2025-12-05
Jonathan Kuminga,GSW,23.1,Forward,412.0,21.0,-8.5,-24.0,54.0,1.8,77.0,+3.6%,9.0,+3.0%,60.0,+0.7%,21.0,-3.7,9.0,11.8,12.0,+5.6%,47.0,-0.4%,70.0,-2.9%,4.0,10.3,2025-12-02,2.0,2025-12-05
Jordan Clarkson,NYK,33.4,Wing,402.0,18.0,-11.6,-22.0,28.0,-5.1,20.0,-3.7%,81.0,-2.2%,39.0,-1.8%,70.0,2.3,25.0,6.0,14.0,+5.2%,83.0,+2.4%,58.0,-1.3%,36.0,1.8,2025-12-02,1.0,2025-12-05
Jordan Goodwin,PHX,,,346.0,,12.2,,,,,,,,,,,,,,,,,,,,,,nan,,2025-12-05
Jordan Hawkins,NOP,23.5,Wing,272.0,51.0,4.3,5.0,68.0,5.4,70.0,+2.8%,42.0,+0.3%,57.0,+0.3%,51.0,0.2,37.0,2.7,90.0,-5.5%,7.0,-3.7%,1.0,+9.6%,74.0,-3.7,2025-12-02,2.0,2025-12-05
Jordan Poole,NOP,26.4,Combo,210.0,7.0,-13.6,-27.0,29.0,-4.3,7.0,-6.7%,54.0,-0.4%,69.0,+2.1%,93.0,8.1,6.0,13.8,4.0,+7.9%,87.0,+3.0%,10.0,+5.8%,5.0,9.4,2025-11-04,30.0,2025-12-05
Jordan Walsh,BOS,,,343.0,,3.5,,,,,,,,,,,,,,,,,,,,,,nan,,2025-12-05
Jose Alvarado,NOP,27.6,Point,477.0,68.0,6.9,14.0,75.0,6.9,59.0,+1.4%,84.0,-2.8%,35.0,-2.1%,95.0,9.4,52.0,-1.5,68.0,-2.4%,47.0,-0.5%,67.0,-2.6%,65.0,-2.4,2025-12-02,2.0,2025-12-05
Josh Giddey,CHI,23.1,Point,649.0,57.0,7.5,12.0,39.0,-1.5,74.0,+3.2%,58.0,-0.7%,29.0,-2.6%,45.0,-0.6,75.0,-6.2,87.0,-5.2%,2.0,-4.4%,88.0,-6.8%,62.0,-1.6,2025-12-01,2.0,2025-12-05
Josh Hart,NYK,30.7,Wing,581.0,19.0,-3.9,-21.0,66.0,5.2,81.0,+4.6%,1.0,+5.3%,88.0,+5.7%,31.0,-2.2,3.0,16.1,16.0,+4.8%,51.0,-0.2%,20.0,+4.0%,7.0,8.4,2025-12-02,1.0,2025-12-05
Josh Minott,BOS,22.9,Big,388.0,55.0,-1.9,11.0,47.0,0.0,31.0,-1.9%,68.0,-1.3%,95.0,+7.8%,49.0,-0.2,66.0,-4.5,59.0,-1.2%,55.0,+0.0%,80.0,-4.6%,96.0,-11.2,2025-12-02,2.0,2025-12-05
Josh Okogie,HOU,27.2,Combo,387.0,37.0,-3.6,-7.0,69.0,5.6,80.0,+4.2%,87.0,-3.0%,26.0,-3.1%,71.0,2.5,16.0,9.3,10.0,+5.9%,98.0,+5.1%,14.0,+5.2%,22.0,3.9,2025-12-01,2.0,2025-12-05
Jrue Holiday,POR,35.4,Point,400.0,64.0,5.9,16.0,63.0,3.6,79.0,+3.9%,83.0,-2.6%,16.0,-4.3%,29.0,-2.5,61.0,-3.1,81.0,-3.9%,75.0,+1.7%,13.0,+5.3%,57.0,-0.9,2025-11-14,19.0,2025-12-05
Julian Champagnie,SAS,24.3,Wing,599.0,64.0,3.8,14.0,72.0,6.5,75.0,+3.5%,54.0,-0.4%,23.0,-3.5%,83.0,4.6,48.0,-0.2,39.0,+1.1%,38.0,-0.9%,57.0,-1.1%,86.0,-6.3,2025-12-02,1.0,2025-12-05
Julian Phillips,CHI,,,182.0,,11.2,,,,,,,,,,,,,,,,,,,,,,nan,,2025-12-05
Julius Randle,MIN,30.9,Big,739.0,78.0,11.0,26.0,100.0,25.8,100.0,+11.9%,85.0,-2.8%,43.0,-1.3%,87.0,5.5,6.0,13.8,19.0,+4.3%,49.0,-0.4%,20.0,+4.0%,14.0,5.8,2025-12-02,2.0,2025-12-05
Justin Champagnie,WAS,,,207.0,,-9.3,,,,,,,,,,,,,,,,,,,,,,nan,,2025-12-05
Justin Edwards,PHI,,,337.0,,-11.6,,,,,,,,,,,,,,,,,,,,,,nan,,2025-12-05
Jusuf Nurkic,UTA,31.2,Big,490.0,22.0,-2.6,-22.0,1.0,-20.9,2.0,-9.0%,34.0,+0.8%,46.0,-0.8%,6.0,-8.6,88.0,-11.0,42.0,+0.8%,51.0,-0.2%,95.0,-8.9%,88.0,-7.1,2025-12-01,3.0,2025-12-05
K.J. Simpson,CHA,,,101.0,,-16.0,,,,,,,,,,,,,,,,,,,,,,nan,,2025-12-05
Karl-Anthony Towns,NYK,30.0,Big,706.0,70.0,7.8,18.0,49.0,0.3,82.0,+4.6%,48.0,-0.0%,3.0,-8.8%,31.0,-2.3,82.0,-8.6,52.0,-0.1%,13.0,-2.8%,91.0,-7.2%,76.0,-4.2,2025-12-02,1.0,2025-12-05
Karlo Matkovic,NOP,,,143.0,,7.3,,,,,,,,,,,,,,,,,,,,,,nan,,2025-12-05
Kawhi Leonard,LAC,34.3,Wing,374.0,26.0,3.5,-16.0,24.0,-5.7,42.0,-0.4%,17.0,+2.2%,67.0,+1.9%,1.0,-11.4,38.0,2.4,22.0,+3.8%,45.0,-0.5%,75.0,-3.5%,42.0,1.0,2025-12-01,2.0,2025-12-05
Keaton Wallace,ATL,26.7,Point,296.0,71.0,-9.5,23.0,20.0,-6.4,29.0,-2.1%,29.0,+1.4%,56.0,+0.3%,14.0,-5.3,94.0,-15.5,86.0,-5.0%,12.0,-2.9%,96.0,-9.2%,49.0,0.0,2025-12-01,2.0,2025-12-05
Keegan Murray,SAC,,,259.0,,5.9,,,,,,,,,,,,,,,,,,,,,,nan,,2025-12-05
Kel'el Ware,MIA,21.5,Big,530.0,0.0,-11.2,-57.0,7.0,-12.1,25.0,-2.7%,31.0,+1.1%,68.0,+1.9%,2.0,-10.4,2.0,18.5,11.0,+5.8%,1.0,-4.5%,12.0,+5.6%,61.0,-1.4,2025-12-01,2.0,2025-12-05
Keldon Johnson,SAS,25.9,Wing,512.0,27.0,-0.5,-15.0,40.0,-1.1,1.0,-9.1%,88.0,-3.3%,96.0,+8.3%,55.0,0.6,26.0,5.7,43.0,+0.8%,59.0,+0.7%,36.0,+1.2%,4.0,10.0,2025-12-02,1.0,2025-12-05
Kelly Olynyk,SAS,,,123.0,,-0.8,,,,,,,,,,,,,,,,,,,,,,nan,,2025-12-05
Kelly Oubre,PHI,29.9,Wing,417.0,33.0,-1.8,-10.0,19.0,-6.4,19.0,-3.9%,43.0,+0.2%,5.0,-7.2%,96.0,9.5,53.0,-1.7,89.0,-5.4%,16.0,-2.5%,46.0,+0.2%,83.0,-5.6,2025-11-14,20.0,2025-12-05
Kentavious Caldwell-Pope,MEM,32.7,Combo,482.0,38.0,-11.8,-7.0,26.0,-5.4,13.0,-5.1%,62.0,-1.0%,60.0,+0.6%,84.0,5.0,57.0,-2.6,54.0,-0.2%,84.0,+2.6%,15.0,+5.0%,82.0,-5.5,2025-12-02,3.0,2025-12-05
Keon Ellis,SAC,25.8,Wing,324.0,69.0,-1.3,17.0,58.0,2.6,54.0,+0.8%,46.0,0.0%,25.0,-3.2%,80.0,4.4,73.0,-5.9,43.0,+0.7%,99.0,+5.7%,29.0,+1.8%,73.0,-3.6,2025-11-30,3.0,2025-12-05
Kevin Durant,HOU,37.1,Wing,607.0,28.0,-3.2,-10.0,44.0,-0.4,4.0,-7.7%,59.0,-0.8%,85.0,+5.3%,100.0,20.9,22.0,6.3,35.0,+1.8%,43.0,-0.7%,22.0,+3.6%,9.0,7.5,2025-12-01,2.0,2025-12-05
Kevin Huerter,CHI,27.2,Wing,457.0,82.0,-1.9,32.0,67.0,5.2,64.0,+2.0%,44.0,+0.1%,22.0,-3.5%,72.0,2.9,81.0,-8.4,64.0,-1.8%,75.0,+1.6%,58.0,-1.1%,64.0,-2.0,2025-12-01,2.0,2025-12-05
Kevin Love,UTA,,,171.0,,-3.2,,,,,,,,,,,,,,,,,,,,,,nan,,2025-12-05
Kevin Porter,MIL,,,100.0,,26.9,,,,,,,,,,,,,,,,,,,,,,nan,,2025-12-05
Kevon Looney,NOP,,,155.0,,-10.9,,,,,,,,,,,,,,,,,,,,,,nan,,2025-12-05
Keyonte George,UTA,22.0,Combo,711.0,53.0,-4.8,8.0,90.0,11.9,69.0,+2.8%,95.0,-4.6%,13.0,-5.4%,99.0,13.3,16.0,8.8,32.0,+2.3%,58.0,+0.3%,0.0,+10.0%,67.0,-2.6,2025-12-01,3.0,2025-12-05
Khris Middleton,WAS,34.2,Forward,412.0,25.0,9.6,-9.0,43.0,-0.6,26.0,-2.5%,77.0,-1.9%,66.0,+1.7%,19.0,-4.4,17.0,8.1,13.0,+5.4%,74.0,+1.6%,57.0,-1.1%,40.0,1.2,2025-12-01,3.0,2025-12-05
Klay Thompson,DAL,35.7,Wing,484.0,8.0,0.4,-36.0,2.0,-19.3,1.0,-9.7%,28.0,+1.4%,87.0,+5.6%,3.0,-10.0,55.0,-1.9,26.0,+3.0%,33.0,-1.4%,96.0,-9.1%,86.0,-6.2,2025-12-01,2.0,2025-12-05
Kobe Brown,LAC,,,129.0,,-17.1,,,,,,,,,,,,,,,,,,,,,,nan,,2025-12-05
Kobe Sanders,LAC,,,260.0,,6.5,,,,,,,,,,,,,,,,,,,,,,nan,,2025-12-05
Kon Knueppel,CHA,20.2,Wing,731.0,73.0,9.5,21.0,31.0,-4.0,52.0,+0.6%,36.0,+0.7%,30.0,-2.5%,6.0,-8.7,92.0,-13.8,91.0,-5.6%,54.0,-0.0%,67.0,-2.5%,79.0,-4.7,2025-12-01,2.0,2025-12-05
Kris Dunn,LAC,31.6,Wing,572.0,8.0,-9.9,-33.0,9.0,-10.9,9.0,-6.2%,65.0,-1.2%,19.0,-4.1%,61.0,1.2,23.0,6.2,6.0,+6.9%,89.0,+3.3%,92.0,-7.7%,7.0,8.6,2025-12-01,2.0,2025-12-05
Kris Murray,POR,25.2,Wing,483.0,24.0,-13.5,-22.0,50.0,0.5,34.0,-1.5%,72.0,-1.6%,49.0,-0.5%,42.0,-0.8,15.0,9.5,28.0,+2.8%,4.0,-4.1%,66.0,-2.3%,32.0,2.3,2025-12-02,1.0,2025-12-05
Kristaps Porzingis,ATL,30.3,Big,312.0,39.0,0.5,-6.0,76.0,7.2,33.0,-1.6%,93.0,-4.0%,92.0,+6.8%,82.0,4.6,14.0,9.7,8.0,+6.3%,44.0,-0.6%,46.0,+0.2%,13.0,6.2,2025-11-25,8.0,2025-12-05
Kyle Anderson,UTA,,,103.0,,-15.6,,,,,,,,,,,,,,,,,,,,,,nan,,2025-12-05
Kyle Filipowski,UTA,22.0,Big,402.0,71.0,5.4,20.0,75.0,7.1,73.0,+3.1%,48.0,-0.1%,89.0,+6.0%,12.0,-5.9,54.0,-1.9,47.0,+0.3%,68.0,+1.1%,45.0,+0.3%,65.0,-2.4,2025-12-01,3.0,2025-12-05
Kyle Kuzma,MIL,30.3,Forward,563.0,53.0,2.6,8.0,22.0,-6.1,16.0,-4.3%,74.0,-1.8%,6.0,-6.9%,40.0,-1.4,85.0,-9.3,78.0,-3.3%,60.0,+0.7%,45.0,+0.3%,75.0,-4.0,2025-12-01,2.0,2025-12-05
Kyshawn George,WAS,21.9,Wing,588.0,49.0,-1.8,0.0,17.0,-7.5,60.0,+1.5%,12.0,+2.7%,7.0,-6.5%,4.0,-9.4,83.0,-8.7,51.0,-0.1%,78.0,+2.0%,86.0,-5.8%,90.0,-8.2,2025-12-02,2.0,2025-12-05
LaMelo Ball,CHA,24.2,Point,450.0,86.0,12.6,36.0,96.0,15.9,93.0,+7.3%,96.0,-5.0%,7.0,-6.5%,26.0,-2.8,47.0,-0.0,50.0,+0.0%,59.0,+0.6%,37.0,+1.1%,21.0,4.4,2025-12-01,2.0,2025-12-05
Landry Shamet,NYK,28.6,Wing,304.0,20.0,-7.6,-19.0,12.0,-9.8,9.0,-6.1%,46.0,+0.0%,37.0,-1.9%,20.0,-3.9,45.0,0.3,58.0,-0.9%,34.0,-1.3%,43.0,+0.5%,70.0,-3.1,2025-11-22,11.0,2025-12-05
Larry Nance Jr.,CLE,32.8,Big,224.0,10.0,-9.0,-38.0,8.0,-11.4,18.0,-4.0%,75.0,-1.9%,4.0,-7.5%,58.0,0.8,28.0,5.2,57.0,-0.8%,9.0,-3.3%,59.0,-1.4%,41.0,1.1,nan,,2025-12-05
Lauri Markkanen,UTA,28.4,Forward,746.0,90.0,13.9,30.0,92.0,12.7,61.0,+1.5%,96.0,-4.8%,90.0,+6.1%,35.0,-1.8,75.0,-6.3,65.0,-1.9%,12.0,-3.0%,4.0,+8.2%,100.0,-18.5,2025-12-01,3.0,2025-12-05
LeBron James,LAL,40.0,,197.0,,-0.4,,,,,,,,,,,,,,,,,,,,,,2025-12-04,1.0,2025-12-05
Liam McNeeley,CHA,,,197.0,,-4.8,,,,,,,,,,,,,,,,,,,,,,nan,,2025-12-05
Lonzo Ball,CLE,28.0,Combo,401.0,14.0,-4.0,-31.0,11.0,-9.9,8.0,-6.3%,29.0,+1.3%,34.0,-2.2%,39.0,-1.4,33.0,4.1,18.0,+4.4%,66.0,+1.0%,68.0,-2.6%,52.0,-0.3,2025-11-28,5.0,2025-12-05
Luguentz Dort,OKC,26.5,Wing,436.0,37.0,-4.7,-5.0,22.0,-5.9,13.0,-4.7%,69.0,-1.5%,83.0,+4.4%,13.0,-5.5,55.0,-2.1,65.0,-1.9%,38.0,-0.9%,39.0,+0.9%,64.0,-2.1,2025-11-30,5.0,2025-12-05
Luka Doncic,LAL,26.7,Point,590.0,45.0,6.1,0.0,81.0,8.2,73.0,+3.0%,83.0,-2.6%,34.0,-2.2%,61.0,1.4,17.0,8.1,14.0,+5.3%,6.0,-3.9%,94.0,-8.3%,17.0,5.0,2025-12-01,3.0,2025-12-05
Luka Garza,BOS,26.8,Big,236.0,4.0,-25.7,-46.0,16.0,-8.1,21.0,-3.6%,32.0,+1.0%,49.0,-0.5%,15.0,-5.1,7.0,13.7,5.0,+7.0%,21.0,-2.0%,79.0,-4.4%,46.0,0.6,2025-11-29,5.0,2025-12-05
Luke Kennard,ATL,29.4,Combo,404.0,80.0,-2.4,30.0,85.0,9.2,87.0,+5.6%,17.0,+2.2%,36.0,-2.0%,67.0,2.0,63.0,-3.5,86.0,-5.0%,23.0,-2.0%,24.0,+2.9%,53.0,-0.6,2025-12-01,2.0,2025-12-05
Luke Kornet,SAS,,,348.0,,2.9,,,,,,,,,,,,,,,,,,,,,,nan,,2025-12-05
Malik Monk,SAC,27.7,Wing,460.0,90.0,14.8,35.0,42.0,-1.0,64.0,+2.2%,26.0,+1.5%,29.0,-2.6%,75.0,3.2,97.0,-18.8,98.0,-10.4%,96.0,+4.7%,16.0,+4.7%,27.0,3.0,2025-11-30,3.0,2025-12-05
Marcus Smart,LAL,31.7,Wing,375.0,88.0,9.8,38.0,62.0,3.5,30.0,-2.1%,91.0,-3.6%,11.0,-6.0%,99.0,12.6,91.0,-13.7,92.0,-6.0%,63.0,+0.8%,71.0,-2.9%,62.0,-1.6,2025-11-25,9.0,2025-12-05
Mark Williams,PHX,23.9,Big,456.0,100.0,7.3,62.0,96.0,16.1,75.0,+3.4%,93.0,-3.9%,32.0,-2.3%,94.0,8.7,95.0,-16.7,80.0,-3.7%,77.0,+1.8%,98.0,-11.0%,57.0,-1.1,2025-12-01,4.0,2025-12-05
Marvin Bagley,WAS,26.6,Big,298.0,17.0,0.7,-12.0,18.0,-7.2,12.0,-5.8%,33.0,+0.9%,45.0,-1.1%,90.0,6.8,29.0,5.0,54.0,-0.2%,33.0,-1.4%,52.0,-0.4%,1.0,11.6,2025-12-02,2.0,2025-12-05
Matas Buzelis,CHI,21.1,Forward,597.0,62.0,4.2,15.0,34.0,-2.9,36.0,-1.3%,52.0,-0.3%,64.0,+1.1%,39.0,-1.4,83.0,-8.9,62.0,-1.7%,64.0,+0.9%,84.0,-5.4%,36.0,1.8,2025-12-01,2.0,2025-12-05
Max Christie,DAL,22.7,Wing,676.0,83.0,6.5,31.0,98.0,20.5,98.0,+9.1%,75.0,-1.9%,20.0,-4.1%,76.0,3.5,25.0,6.1,36.0,+1.6%,29.0,-1.6%,40.0,+0.8%,33.0,2.0,2025-12-01,2.0,2025-12-05
Maxime Raynaud,SAC,,,188.0,,0.7,,,,,,,,,,,,,,,,,,,,,,nan,,2025-12-05
Micah Peavy,NOP,,,289.0,,-0.0,,,,,,,,,,,,,,,,,,,,,,nan,,2025-12-05
Michael Porter,BKN,27.3,Forward,590.0,65.0,7.9,6.0,71.0,6.3,92.0,+7.2%,49.0,-0.2%,61.0,+0.9%,6.0,-8.5,49.0,-0.7,88.0,-5.4%,3.0,-4.4%,28.0,+2.0%,94.0,-9.8,2025-12-01,2.0,2025-12-05
Mikal Bridges,NYK,29.2,Wing,734.0,51.0,3.3,4.0,60.0,3.2,89.0,+6.2%,13.0,+2.7%,14.0,-4.7%,33.0,-2.0,43.0,1.0,64.0,-1.9%,35.0,-1.2%,13.0,+5.3%,15.0,5.3,2025-12-02,1.0,2025-12-05
Mike Conley,MIN,38.1,Point,425.0,67.0,-7.1,16.0,57.0,2.4,47.0,+0.0%,9.0,+3.0%,74.0,+3.1%,94.0,8.5,69.0,-5.2,38.0,+1.2%,20.0,-2.1%,97.0,-10.1%,74.0,-3.8,2025-12-02,2.0,2025-12-05
Miles Bridges,CHA,27.6,Forward,763.0,45.0,-13.7,0.0,23.0,-5.9,23.0,-3.1%,91.0,-3.6%,0.0,-13.9%,86.0,5.2,72.0,-5.9,59.0,-1.3%,56.0,+0.1%,22.0,+3.4%,80.0,-4.8,2025-12-01,2.0,2025-12-05
Miles McBride,NYK,25.1,Combo,491.0,63.0,10.0,11.0,83.0,8.7,63.0,+2.0%,78.0,-2.0%,85.0,+5.2%,90.0,6.9,39.0,2.1,30.0,+2.5%,65.0,+1.0%,54.0,-0.6%,29.0,2.8,2025-12-02,1.0,2025-12-05
Mitchell Robinson,NYK,,,222.0,,-2.1,,,,,,,,,,,,,,,,,,,,,,nan,,2025-12-05
Moses Moody,GSW,23.4,Wing,523.0,92.0,11.6,42.0,51.0,1.1,56.0,+1.0%,62.0,-0.9%,17.0,-4.2%,20.0,-3.7,97.0,-18.7,97.0,-9.5%,81.0,+2.2%,30.0,+1.7%,49.0,-0.0,2025-12-02,2.0,2025-12-05
Mouhamed Gueye,ATL,23.0,Big,391.0,89.0,-0.4,40.0,74.0,6.7,96.0,+8.4%,13.0,+2.6%,45.0,-1.1%,13.0,-5.8,88.0,-10.9,84.0,-4.3%,76.0,+1.8%,81.0,-4.6%,76.0,-4.1,2025-12-01,2.0,2025-12-05
Moussa Cisse,DAL,,,160.0,,2.5,,,,,,,,,,,,,,,,,,,,,,nan,,2025-12-05
Moussa Diabate,CHA,23.8,Big,488.0,27.0,6.4,-16.0,50.0,0.7,19.0,-3.8%,23.0,+1.7%,99.0,+10.5%,87.0,5.4,18.0,7.9,12.0,+5.6%,91.0,+3.7%,62.0,-1.9%,3.0,10.4,2025-12-01,2.0,2025-12-05
Myles Turner,MIL,29.6,Big,669.0,70.0,8.0,21.0,58.0,2.6,62.0,+1.7%,20.0,+1.9%,61.0,+0.7%,86.0,5.3,76.0,-6.3,74.0,-2.9%,82.0,+2.4%,42.0,+0.5%,34.0,2.0,2025-12-01,2.0,2025-12-05
Nae'Qwan Tomlin,CLE,,,222.0,,11.0,,,,,,,,,,,,,,,,,,,,,,nan,,2025-12-05
Naji Marshall,DAL,27.8,Wing,631.0,33.0,-9.1,-11.0,48.0,0.3,46.0,+0.0%,33.0,+0.9%,53.0,-0.2%,98.0,12.4,29.0,5.0,57.0,-0.8%,46.0,-0.5%,42.0,+0.7%,16.0,5.2,2025-12-01,2.0,2025-12-05
Naz Reid,MIN,26.2,Big,556.0,18.0,-6.2,-24.0,35.0,-2.4,14.0,-4.6%,14.0,+2.4%,86.0,+5.5%,56.0,0.6,16.0,9.4,15.0,+4.9%,65.0,+1.0%,7.0,+7.2%,56.0,-0.9,2025-12-02,2.0,2025-12-05
Neemias Queta,BOS,26.3,Big,473.0,99.0,20.4,59.0,65.0,5.1,63.0,+1.8%,52.0,-0.2%,71.0,+2.4%,53.0,0.3,99.0,-25.1,99.0,-11.4%,88.0,+3.2%,43.0,+0.5%,93.0,-9.2,2025-12-02,2.0,2025-12-05
Nick Richards,PHX,,,198.0,,-18.7,,,,,,,,,,,,,,,,,,,,,,nan,,2025-12-05
Nick Smith Jr.,LAL,,,100.0,,7.0,,,,,,,,,,,,,,,,,,,,,,nan,,2025-12-05
Nickeil Alexander-Walker,ATL,27.2,Combo,682.0,10.0,2.9,-37.0,29.0,-4.3,52.0,+0.6%,27.0,+1.5%,12.0,-5.6%,82.0,4.6,10.0,11.5,55.0,-0.4%,25.0,-1.8%,1.0,+9.4%,19.0,4.9,2025-12-01,2.0,2025-12-05
Nicolas Batum,LAC,36.9,Wing,415.0,35.0,-2.4,-8.0,35.0,-2.6,7.0,-6.9%,72.0,-1.6%,54.0,-0.1%,92.0,8.1,41.0,1.7,45.0,+0.5%,17.0,-2.3%,77.0,-4.1%,54.0,-0.7,2025-12-01,2.0,2025-12-05
Nicolas Claxton,BKN,26.5,Big,664.0,49.0,-1.0,3.0,94.0,14.3,86.0,+5.4%,97.0,-5.2%,24.0,-3.2%,36.0,-1.7,7.0,13.2,23.0,+3.4%,8.0,-3.6%,14.0,+5.1%,87.0,-6.7,2025-12-01,2.0,2025-12-05
Nikola Jokic,DEN,30.7,Big,729.0,96.0,23.4,48.0,100.0,23.9,87.0,+5.8%,75.0,-1.9%,75.0,+3.2%,100.0,14.3,51.0,-1.4,48.0,+0.1%,83.0,+2.5%,50.0,-0.1%,78.0,-4.5,2025-12-01,2.0,2025-12-05
Nikola Jovic,MIA,22.4,Forward,302.0,81.0,-1.2,26.0,56.0,2.3,62.0,+1.7%,19.0,+2.0%,61.0,+0.8%,95.0,9.1,88.0,-10.6,95.0,-7.7%,90.0,+3.5%,17.0,+4.4%,28.0,3.0,2025-12-01,2.0,2025-12-05
Nikola Vucevic,CHI,35.0,Big,618.0,23.0,-1.7,-21.0,7.0,-11.8,30.0,-2.0%,41.0,+0.3%,3.0,-8.2%,24.0,-3.1,59.0,-2.8,41.0,+1.1%,37.0,-1.0%,72.0,-3.1%,96.0,-10.7,2025-12-01,2.0,2025-12-05
Nique Clifford,SAC,23.7,Wing,256.0,77.0,9.0,24.0,88.0,9.9,94.0,+7.8%,6.0,+3.7%,83.0,+4.4%,32.0,-2.2,51.0,-1.4,37.0,+1.5%,42.0,-0.7%,80.0,-4.5%,85.0,-5.9,2025-11-30,3.0,2025-12-05
Noah Clowney,BKN,21.3,Big,614.0,73.0,15.3,10.0,95.0,14.8,76.0,+3.5%,79.0,-2.0%,80.0,+4.0%,99.0,12.7,29.0,5.0,16.0,+4.8%,57.0,+0.2%,73.0,-3.3%,75.0,-3.8,2025-12-01,2.0,2025-12-05
Norman Powell,MIA,32.4,Wing,520.0,43.0,10.9,0.0,45.0,-0.1,31.0,-1.8%,63.0,-1.1%,26.0,-3.0%,71.0,2.6,46.0,0.1,35.0,+1.7%,80.0,+2.1%,43.0,+0.5%,46.0,0.3,2025-12-01,2.0,2025-12-05
OG Anunoby,NYK,28.3,Forward,371.0,94.0,12.2,43.0,58.0,2.4,55.0,+0.9%,89.0,-3.5%,18.0,-4.2%,37.0,-1.5,97.0,-18.7,93.0,-6.2%,45.0,-0.6%,82.0,-4.8%,99.0,-13.6,2025-11-14,19.0,2025-12-05
Ochai Agbaji,TOR,25.5,Wing,197.0,72.0,-0.1,21.0,59.0,2.8,71.0,+3.0%,7.0,+3.2%,76.0,+3.3%,25.0,-3.0,77.0,-6.7,77.0,-3.2%,14.0,-2.6%,81.0,-4.6%,55.0,-0.9,2025-12-02,2.0,2025-12-05
Onyeka Okongwu,ATL,24.9,Big,665.0,42.0,-7.3,-4.0,10.0,-10.5,35.0,-1.4%,4.0,+4.3%,24.0,-3.4%,46.0,-0.5,84.0,-8.9,93.0,-6.0%,20.0,-2.1%,65.0,-2.3%,88.0,-7.3,2025-12-01,2.0,2025-12-05
Oso Ighodaro,PHX,23.3,Big,368.0,3.0,2.6,-49.0,1.0,-21.3,14.0,-4.5%,10.0,+2.9%,19.0,-4.1%,7.0,-8.2,40.0,1.8,70.0,-2.5%,51.0,-0.2%,18.0,+4.3%,40.0,1.2,2025-12-01,4.0,2025-12-05
PJ Washington,DAL,27.2,Big,602.0,22.0,-5.9,-23.0,16.0,-7.9,35.0,-1.4%,71.0,-1.6%,46.0,-0.8%,3.0,-10.2,41.0,1.6,25.0,+3.1%,54.0,-0.0%,99.0,-11.5%,45.0,0.8,2025-11-28,5.0,2025-12-05
Paolo Banchero,ORL,23.0,Forward,393.0,93.0,-0.2,40.0,88.0,10.9,93.0,+7.4%,10.0,+3.0%,41.0,-1.5%,84.0,5.0,84.0,-9.1,75.0,-3.1%,48.0,-0.4%,90.0,-7.2%,20.0,4.5,2025-11-12,21.0,2025-12-05
Pascal Siakam,IND,31.6,Big,720.0,84.0,19.2,21.0,90.0,12.0,95.0,+8.0%,87.0,-3.0%,17.0,-4.3%,36.0,-1.6,61.0,-3.1,47.0,+0.2%,69.0,+1.1%,77.0,-4.1%,19.0,4.8,2025-12-01,2.0,2025-12-05
Pat Connaughton,CHA,,,103.0,,1.9,,,,,,,,,,,,,,,,,,,,,,nan,,2025-12-05
Pat Spencer,GSW,,,175.0,,5.3,,,,,,,,,,,,,,,,,,,,,,nan,,2025-12-05
Patrick Williams,CHI,24.2,Big,412.0,35.0,-6.2,-11.0,55.0,2.2,57.0,+1.1%,64.0,-1.1%,28.0,-2.7%,72.0,2.7,21.0,6.4,33.0,+2.1%,46.0,-0.5%,24.0,+2.9%,64.0,-2.1,2025-12-01,2.0,2025-12-05
Paul George,PHI,,,133.0,,1.3,,,,,,,,,,,,,,,,,,,,,,nan,,2025-12-05
Paul Reed,DET,,,186.0,,5.0,,,,,,,,,,,,,,,,,,,,,,nan,,2025-12-05
Payton Pritchard,BOS,27.8,Point,702.0,85.0,3.5,35.0,84.0,9.0,78.0,+3.7%,25.0,+1.6%,83.0,+4.4%,79.0,3.9,75.0,-6.3,80.0,-3.6%,25.0,-2.0%,63.0,-2.1%,59.0,-1.1,2025-12-02,2.0,2025-12-05
Pelle Larsson,MIA,24.7,Wing,484.0,15.0,-3.3,-28.0,54.0,1.8,71.0,+3.0%,97.0,-5.3%,2.0,-9.8%,10.0,-6.9,4.0,14.6,4.0,+7.8%,13.0,-2.8%,41.0,+0.8%,52.0,-0.5,2025-12-01,2.0,2025-12-05
Peyton Watson,DEN,23.1,Forward,558.0,29.0,2.2,-11.0,79.0,8.0,80.0,+4.2%,30.0,+1.2%,92.0,+6.8%,88.0,5.8,5.0,14.2,9.0,+5.9%,83.0,+2.4%,3.0,+8.5%,38.0,1.4,2025-12-01,2.0,2025-12-05
Precious Achiuwa,SAC,,,281.0,,4.8,,,,,,,,,,,,,,,,,,,,,,nan,,2025-12-05
Quentin Grimes,PHI,25.5,Wing,666.0,54.0,1.6,9.0,38.0,-1.6,29.0,-2.2%,39.0,+0.5%,30.0,-2.4%,92.0,7.9,70.0,-5.6,68.0,-2.2%,62.0,+0.8%,49.0,-0.0%,32.0,2.2,2025-11-30,4.0,2025-12-05
Quenton Jackson,IND,27.1,Combo,100.0,99.0,27.2,63.0,94.0,14.2,84.0,+5.2%,67.0,-1.3%,72.0,+2.6%,97.0,11.0,96.0,-18.0,70.0,-2.6%,100.0,+6.3%,59.0,-1.3%,99.0,-13.2,2025-11-03,30.0,2025-12-05
Quinten Post,GSW,25.6,Big,375.0,93.0,13.5,42.0,67.0,5.3,90.0,+6.7%,36.0,+0.7%,82.0,+4.4%,17.0,-4.7,93.0,-15.2,98.0,-10.7%,25.0,-1.9%,25.0,+2.7%,66.0,-2.5,2025-12-02,2.0,2025-12-05
RJ Barrett,TOR,25.4,Wing,523.0,9.0,-6.3,-35.0,21.0,-6.1,68.0,+2.6%,43.0,+0.2%,26.0,-3.1%,40.0,-1.3,11.0,11.0,1.0,+9.9%,41.0,-0.8%,57.0,-1.1%,88.0,-7.5,2025-11-23,11.0,2025-12-05
RayJ Dennis,IND,24.6,Point,141.0,5.0,-18.8,-25.0,11.0,-10.2,10.0,-6.1%,38.0,+0.5%,46.0,-0.8%,28.0,-2.6,13.0,9.9,52.0,-0.1%,20.0,-2.1%,17.0,+4.4%,4.0,10.1,2025-11-28,5.0,2025-12-05
Reed Sheppard,HOU,21.4,Point,469.0,17.0,6.8,-20.0,13.0,-9.2,15.0,-4.4%,3.0,+4.8%,77.0,+3.6%,5.0,-8.8,38.0,2.6,20.0,+3.9%,19.0,-2.1%,60.0,-1.6%,94.0,-9.6,2025-12-01,2.0,2025-12-05
Rob Dillingham,MIN,,,177.0,,-10.6,,,,,,,,,,,,,,,,,,,,,,nan,,2025-12-05
Robert Williams,POR,,,198.0,,-4.0,,,,,,,,,,,,,,,,,,,,,,nan,,2025-12-05
Ron Holland II,DET,,,455.0,,-5.8,,,,,,,,,,,,,,,,,,,,,,nan,,2025-12-05
Ronald Holland II,DET,20.3,Wing,224.0,52.0,2.7,6.0,48.0,0.1,36.0,-1.4%,28.0,+1.5%,12.0,-5.7%,65.0,1.9,57.0,-2.6,66.0,-1.9%,93.0,+4.2%,23.0,+3.0%,0.0,13.5,2025-12-03,2.0,2025-12-05
Royce O'Neale,PHX,32.4,Wing,661.0,16.0,-15.0,-29.0,33.0,-3.1,48.0,+0.1%,69.0,-1.4%,5.0,-7.3%,77.0,3.6,15.0,9.6,23.0,+3.5%,29.0,-1.6%,47.0,+0.2%,30.0,2.7,2025-12-01,4.0,2025-12-05
Rudy Gobert,MIN,33.3,Big,694.0,95.0,10.4,44.0,14.0,-9.0,57.0,+1.0%,40.0,+0.3%,35.0,-2.1%,44.0,-0.8,100.0,-30.4,100.0,-14.2%,39.0,-0.9%,100.0,-15.0%,91.0,-8.4,2025-12-02,2.0,2025-12-05
Rui Hachimura,LAL,27.7,Forward,663.0,26.0,-6.7,-18.0,25.0,-5.6,21.0,-3.5%,64.0,-1.2%,32.0,-2.3%,83.0,4.8,38.0,2.4,30.0,+2.5%,71.0,+1.3%,2.0,+8.7%,78.0,-4.5,2025-12-01,3.0,2025-12-05
Russell Westbrook,SAC,37.0,Combo,619.0,44.0,-3.1,0.0,40.0,-1.2,61.0,+1.5%,50.0,-0.2%,47.0,-0.7%,47.0,-0.3,51.0,-1.2,62.0,-1.5%,9.0,-3.5%,85.0,-5.6%,49.0,0.0,2025-11-30,3.0,2025-12-05
Ryan Dunn,PHX,22.8,Forward,402.0,75.0,8.1,26.0,70.0,6.0,43.0,-0.2%,88.0,-3.2%,52.0,-0.2%,28.0,-2.6,67.0,-4.7,67.0,-2.1%,75.0,+1.7%,36.0,+1.2%,80.0,-4.9,2025-12-01,4.0,2025-12-05
Ryan Kalkbrenner,CHA,23.8,Big,508.0,56.0,-9.7,11.0,38.0,-1.6,72.0,+3.0%,80.0,-2.1%,1.0,-10.5%,11.0,-6.7,74.0,-6.2,86.0,-5.1%,5.0,-4.0%,29.0,+1.9%,97.0,-11.5,2025-12-01,2.0,2025-12-05
Ryan Nembhard,DAL,,,170.0,,1.5,,,,,,,,,,,,,,,,,,,,,,nan,,2025-12-05
Ryan Rollins,MIL,23.3,Combo,748.0,41.0,5.0,-5.0,64.0,4.2,55.0,+0.9%,80.0,-2.1%,36.0,-2.0%,51.0,0.2,22.0,6.3,42.0,+0.8%,46.0,-0.5%,46.0,+0.3%,23.0,3.7,2025-12-01,2.0,2025-12-05
Saddiq Bey,NOP,26.6,Forward,632.0,56.0,1.0,7.0,61.0,3.4,42.0,-0.3%,65.0,-1.2%,59.0,+0.5%,27.0,-2.7,50.0,-1.2,83.0,-4.2%,32.0,-1.5%,68.0,-2.6%,22.0,4.3,2025-12-02,2.0,2025-12-05
Sam Hauser,BOS,27.9,Forward,478.0,36.0,-1.7,-10.0,52.0,1.6,65.0,+2.3%,33.0,+1.0%,9.0,-6.3%,24.0,-3.3,26.0,5.7,28.0,+2.8%,26.0,-1.8%,65.0,-2.3%,13.0,6.3,2025-12-02,2.0,2025-12-05
Sam Merrill,CLE,29.5,Wing,311.0,87.0,4.6,34.0,93.0,13.7,96.0,+8.3%,58.0,-0.6%,13.0,-4.9%,80.0,4.1,62.0,-3.3,69.0,-2.4%,19.0,-2.1%,83.0,-5.2%,10.0,6.9,2025-11-17,16.0,2025-12-05
Sandro Mamukelashvili,TOR,26.4,Big,423.0,91.0,7.7,40.0,48.0,0.3,39.0,-0.9%,50.0,-0.2%,36.0,-2.1%,26.0,-2.9,98.0,-19.0,99.0,-11.7%,96.0,+4.8%,45.0,+0.3%,1.0,11.1,2025-12-02,2.0,2025-12-05
Santi Aldama,MEM,24.8,Forward,571.0,48.0,-6.9,3.0,68.0,5.6,77.0,+3.5%,8.0,+3.1%,59.0,+0.5%,73.0,2.9,31.0,4.6,59.0,-1.3%,22.0,-2.0%,64.0,-2.2%,13.0,6.2,2025-12-02,3.0,2025-12-05
Scottie Barnes,TOR,24.3,Big,774.0,35.0,4.0,-11.0,82.0,8.5,76.0,+3.5%,47.0,-0.0%,87.0,+5.5%,58.0,1.0,8.0,12.8,15.0,+4.9%,3.0,-4.3%,23.0,+3.2%,86.0,-6.5,2025-12-02,2.0,2025-12-05
Shaedon Sharpe,POR,22.4,Combo,503.0,80.0,6.0,31.0,43.0,-0.9,20.0,-3.6%,22.0,+1.8%,99.0,+10.3%,35.0,-1.8,91.0,-13.8,84.0,-4.3%,36.0,-1.1%,93.0,-8.1%,70.0,-3.2,2025-12-02,1.0,2025-12-05
Shai Gilgeous-Alexander,OKC,27.3,Point,738.0,36.0,6.2,-7.0,89.0,11.8,54.0,+0.8%,99.0,-5.9%,33.0,-2.3%,93.0,8.1,3.0,16.1,22.0,+3.8%,2.0,-4.4%,35.0,+1.2%,12.0,6.6,2025-12-02,3.0,2025-12-05
Sidy Cissoko,POR,,,284.0,,1.7,,,,,,,,,,,,,,,,,,,,,,nan,,2025-12-05
Simone Fontecchio,MIA,29.9,Big,384.0,74.0,-5.0,19.0,64.0,4.2,72.0,+3.0%,6.0,+3.7%,96.0,+8.2%,54.0,0.5,71.0,-5.7,87.0,-5.2%,53.0,-0.1%,41.0,+0.8%,29.0,2.9,2025-12-01,2.0,2025-12-05
Sion James,CHA,22.9,Wing,570.0,66.0,3.4,17.0,52.0,1.4,48.0,+0.1%,37.0,+0.7%,80.0,+3.9%,49.0,-0.2,72.0,-5.9,81.0,-3.8%,72.0,+1.4%,11.0,+5.7%,93.0,-9.0,2025-12-01,2.0,2025-12-05
Spencer Jones,DEN,,,231.0,,-6.8,,,,,,,,,,,,,,,,,,,,,,nan,,2025-12-05
Stephen Curry,GSW,37.6,Point,496.0,48.0,4.8,2.0,81.0,8.2,88.0,+6.1%,24.0,+1.6%,39.0,-1.8%,51.0,0.1,19.0,7.3,25.0,+3.1%,54.0,-0.0%,39.0,+0.9%,35.0,1.8,2025-11-26,8.0,2025-12-05
Stephon Castle,SAS,21.0,Combo,415.0,65.0,5.3,17.0,4.0,-15.2,32.0,-1.8%,9.0,+3.0%,0.0,-14.2%,47.0,-0.4,98.0,-22.1,79.0,-3.4%,97.0,+5.1%,47.0,+0.2%,89.0,-7.9,2025-11-16,17.0,2025-12-05
Steven Adams,HOU,32.3,Big,341.0,40.0,12.3,-3.0,20.0,-6.3,6.0,-7.2%,26.0,+1.5%,75.0,+3.3%,79.0,4.0,65.0,-4.2,63.0,-1.8%,50.0,-0.2%,28.0,+2.1%,90.0,-8.4,2025-11-30,3.0,2025-12-05
Svi Mykhailiuk,UTA,28.4,Wing,243.0,88.0,17.3,32.0,41.0,-1.1,27.0,-2.5%,73.0,-1.7%,97.0,+8.9%,1.0,-10.6,96.0,-18.4,87.0,-5.1%,74.0,+1.5%,35.0,+1.2%,98.0,-13.2,2025-12-01,3.0,2025-12-04
Sviatoslav Mykhailiuk,UTA,,,545.0,,10.7,,,,,,,,,,,,,,,,,,,,,,nan,,2025-12-05
TJ McConnell,IND,,,202.0,,10.9,,,,,,,,,,,,,,,,,,,,,,nan,,2025-12-05
Tari Eason,HOU,24.5,Wing,254.0,25.0,-4.1,-12.0,6.0,-13.4,6.0,-7.0%,29.0,+1.3%,51.0,-0.4%,25.0,-3.0,68.0,-5.2,55.0,-0.6%,35.0,-1.2%,100.0,-13.3%,2.0,11.0,2025-11-14,19.0,2025-12-05
Taurean Prince,MIL,31.6,Wing,168.0,52.0,6.6,7.0,25.0,-5.5,26.0,-2.5%,45.0,+0.1%,39.0,-1.7%,48.0,-0.3,80.0,-8.3,78.0,-3.4%,61.0,+0.7%,62.0,-1.9%,69.0,-3.1,2025-11-04,29.0,2025-12-05
Taylor Hendricks,UTA,21.9,Wing,147.0,49.0,-1.0,1.0,12.0,-9.9,19.0,-3.8%,22.0,+1.8%,52.0,-0.2%,0.0,-11.4,89.0,-11.1,88.0,-5.4%,34.0,-1.3%,86.0,-6.1%,60.0,-1.2,2025-11-23,11.0,2025-12-05
Terance Mann,BKN,29.0,Wing,526.0,81.0,-3.0,12.0,89.0,11.5,68.0,+2.5%,93.0,-3.9%,30.0,-2.5%,66.0,1.9,52.0,-1.5,25.0,+3.1%,60.0,+0.7%,71.0,-3.0%,69.0,-3.0,2025-11-29,4.0,2025-12-05
Terrence Shannon Jr.,MIN,25.3,Wing,178.0,1.0,-25.9,-58.0,3.0,-16.1,5.0,-7.5%,2.0,+5.1%,69.0,+2.2%,57.0,0.6,6.0,13.8,3.0,+8.2%,67.0,+1.1%,38.0,+1.0%,1.0,11.2,2025-12-02,2.0,2025-12-05
Tidjane Salaun,CHA,,,115.0,,26.5,,,,,,,,,,,,,,,,,,,,,,nan,,2025-12-05
Tim Hardaway Jr.,DEN,33.6,Wing,514.0,30.0,-6.3,-9.0,46.0,-0.0,49.0,+0.2%,68.0,-1.4%,71.0,+2.4%,16.0,-5.0,25.0,5.8,39.0,+1.2%,58.0,+0.4%,9.0,+6.0%,48.0,0.1,nan,,2025-12-05
Tobias Harris,DET,33.3,Forward,384.0,16.0,-8.9,-27.0,28.0,-4.7,12.0,-5.4%,53.0,-0.3%,82.0,+4.4%,43.0,-0.8,18.0,8.1,14.0,+5.0%,7.0,-3.8%,87.0,-6.4%,3.0,10.7,2025-12-01,2.0,2025-12-05
Tony Bradley,IND,27.8,Big,234.0,38.0,-7.5,-6.0,32.0,-3.6,7.0,-6.4%,11.0,+2.9%,94.0,+7.4%,29.0,-2.5,48.0,-0.2,52.0,-0.1%,55.0,+0.0%,71.0,-3.0%,17.0,5.1,2025-12-01,2.0,2025-12-05
Toumani Camara,POR,25.5,Wing,748.0,28.0,4.2,-15.0,23.0,-5.8,65.0,+2.2%,14.0,+2.6%,31.0,-2.4%,32.0,-2.2,44.0,0.6,57.0,-0.8%,28.0,-1.7%,44.0,+0.4%,39.0,1.3,2025-12-02,1.0,2025-12-05
Trae Young,ATL,27.1,Point,139.0,17.0,-11.8,-28.0,61.0,3.4,44.0,-0.1%,97.0,-5.1%,15.0,-4.6%,64.0,1.7,3.0,16.0,0.0,+10.6%,92.0,+3.8%,12.0,+5.5%,31.0,2.5,2025-10-29,35.0,2025-12-05
Trayce Jackson-Davis,GSW,,,119.0,,-20.6,,,,,,,,,,,,,,,,,,,,,,nan,,2025-12-05
Tre Johnson,WAS,19.7,Combo,341.0,84.0,1.5,16.0,75.0,6.9,93.0,+7.3%,41.0,+0.3%,13.0,-5.5%,69.0,2.3,78.0,-7.7,76.0,-3.1%,50.0,-0.3%,78.0,-4.2%,59.0,-1.2,2025-11-21,13.0,2025-12-05
Tre Jones,CHI,25.8,Combo,485.0,9.0,-3.7,-37.0,9.0,-10.7,2.0,-8.7%,18.0,+2.1%,84.0,+5.2%,74.0,3.2,24.0,6.1,46.0,+0.4%,73.0,+1.4%,16.0,+4.8%,20.0,4.5,2025-12-01,2.0,2025-12-05
Tre Mann,CHA,24.7,Combo,360.0,20.0,-13.8,-23.0,53.0,1.7,6.0,-7.3%,49.0,-0.2%,99.0,+10.1%,70.0,2.4,9.0,11.8,11.0,+5.7%,58.0,+0.5%,55.0,-1.0%,26.0,3.2,2025-11-29,4.0,2025-12-05
Trendon Watford,PHI,25.0,Big,285.0,82.0,2.9,29.0,62.0,3.4,50.0,+0.2%,30.0,+1.3%,93.0,+7.0%,22.0,-3.5,87.0,-10.2,84.0,-4.3%,43.0,-0.7%,86.0,-5.7%,58.0,-1.1,2025-11-25,9.0,2025-12-05
Trey Murphy III,NOP,25.4,Wing,745.0,28.0,-1.1,-12.0,7.0,-12.3,51.0,+0.4%,20.0,+1.9%,44.0,-1.1%,4.0,-9.8,73.0,-6.0,41.0,+0.9%,99.0,+5.7%,74.0,-3.3%,50.0,-0.1,2025-12-02,2.0,2025-12-05
Tristan Vukcevic,WAS,,,149.0,,-18.2,,,,,,,,,,,,,,,,,,,,,,nan,,2025-12-05
Tristan da Silva,ORL,24.5,Wing,200.0,83.0,14.5,34.0,85.0,9.0,56.0,+1.0%,99.0,-6.0%,55.0,+0.0%,56.0,0.6,70.0,-5.4,77.0,-3.2%,97.0,+4.9%,4.0,+8.4%,92.0,-8.8,2025-12-03,2.0,2025-12-05
Tristan daSilva,ORL,,,501.0,,2.6,,,,,,,,,,,,,,,,,,,,,,nan,,2025-12-05
Tyler Herro,MIA,,,156.0,,-2.1,,,,,,,,,,,,,,,,,,,,,,nan,,2025-12-05
Tyler Kolek,NYK,,,143.0,,-16.1,,,,,,,,,,,,,,,,,,,,,,nan,,2025-12-05
Tyrese Martin,BKN,26.7,Combo,458.0,74.0,-2.8,9.0,38.0,-1.8,28.0,-2.2%,51.0,-0.2%,94.0,+7.7%,30.0,-2.4,90.0,-12.3,72.0,-2.9%,93.0,+4.0%,77.0,-4.0%,48.0,0.1,2025-12-01,2.0,2025-12-05
Tyrese Maxey,PHI,25.0,Point,841.0,90.0,12.6,39.0,86.0,9.5,59.0,+1.4%,100.0,-7.4%,38.0,-1.8%,98.0,11.3,80.0,-8.3,91.0,-5.8%,30.0,-1.6%,29.0,+1.8%,100.0,-16.3,2025-12-02,2.0,2025-12-05
Tyrese Proctor,CLE,,,200.0,,-12.5,,,,,,,,,,,,,,,,,,,,,,nan,,2025-12-05
Tyus Jones,ORL,29.5,Point,295.0,2.0,-13.3,-50.0,0.0,-23.1,0.0,-14.7%,67.0,-1.3%,59.0,+0.6%,30.0,-2.4,33.0,4.1,9.0,+6.0%,29.0,-1.6%,61.0,-1.7%,96.0,-11.0,2025-12-01,2.0,2025-12-05
VJ Edgecombe,PHI,20.3,Combo,629.0,59.0,6.4,13.0,59.0,2.9,41.0,-0.8%,19.0,+1.9%,97.0,+8.9%,35.0,-1.7,58.0,-2.6,85.0,-4.5%,26.0,-1.7%,28.0,+2.1%,51.0,-0.3,2025-12-02,2.0,2025-12-05
Victor Wembanyama,SAS,21.8,Big,415.0,94.0,9.4,45.0,15.0,-8.4,42.0,-0.4%,15.0,+2.3%,29.0,-2.6%,54.0,0.3,100.0,-29.4,99.0,-11.7%,41.0,-0.7%,97.0,-9.4%,54.0,-0.8,2025-11-14,19.0,2025-12-05
Vince Williams Jr.,MEM,,,386.0,,10.8,,,,,,,,,,,,,,,,,,,,,,nan,,2025-12-05
Vit Krejci,ATL,,,420.0,,-8.4,,,,,,,,,,,,,,,,,,,,,,nan,,2025-12-05
Walker Kessler,UTA,24.3,Big,152.0,91.0,13.8,42.0,96.0,17.1,95.0,+7.8%,53.0,-0.3%,81.0,+4.2%,88.0,6.0,56.0,-2.3,81.0,-3.7%,66.0,+1.0%,5.0,+8.0%,65.0,-2.1,2025-10-31,34.0,2025-12-05
Walter Clayton,UTA,22.7,Point,246.0,30.0,9.2,-11.0,45.0,-0.2,66.0,+2.3%,12.0,+2.7%,71.0,+2.4%,59.0,1.0,27.0,5.6,17.0,+4.5%,36.0,-1.1%,91.0,-7.3%,25.0,3.5,2025-12-01,3.0,2025-12-05
Wendell Carter,ORL,26.5,Big,620.0,65.0,3.9,17.0,42.0,-0.9,33.0,-1.7%,0.0,+6.1%,84.0,+4.8%,96.0,9.6,79.0,-8.1,76.0,-3.1%,44.0,-0.6%,62.0,-2.0%,9.0,7.7,2025-12-01,2.0,2025-12-05
Will Richard,GSW,22.9,Wing,366.0,12.0,-5.9,-35.0,17.0,-7.4,1.0,-9.0%,64.0,-1.2%,48.0,-0.7%,87.0,5.6,19.0,7.6,2.0,+8.9%,74.0,+1.5%,78.0,-4.3%,43.0,0.9,2025-12-02,2.0,2025-12-05
Yves Missi,NOP,21.5,Big,323.0,58.0,6.7,9.0,81.0,8.2,86.0,+5.5%,35.0,+0.8%,80.0,+4.1%,22.0,-3.7,35.0,3.2,10.0,+5.8%,48.0,-0.4%,90.0,-7.1%,60.0,-1.4,2025-11-30,4.0,2025-12-05
Zaccharie Risacher,ATL,20.6,Wing,496.0,87.0,15.5,38.0,87.0,9.8,46.0,-0.0%,82.0,-2.6%,84.0,+5.2%,61.0,1.2,76.0,-6.4,35.0,+2.0%,57.0,+0.2%,87.0,-6.3%,72.0,-3.5,2025-12-01,2.0,2025-12-05
Zach Edey,MEM,,,232.0,,35.5,,,,,,,,,,,,,,,,,,,,,,nan,,2025-12-05
Zach LaVine,SAC,30.6,Wing,660.0,1.0,-11.3,-56.0,13.0,-9.4,20.0,-3.7%,55.0,-0.5%,50.0,-0.4%,4.0,-9.5,1.0,19.4,1.0,+9.4%,14.0,-2.6%,49.0,+0.0%,47.0,0.2,2025-11-30,3.0,2025-12-05
Ziaire Williams,BKN,24.1,Wing,441.0,24.0,-6.6,-9.0,3.0,-17.5,4.0,-7.8%,1.0,+5.9%,62.0,+1.0%,81.0,4.4,81.0,-8.5,79.0,-3.6%,70.0,+1.2%,68.0,-2.7%,6.0,9.1,2025-12-01,2.0,2025-12-05
Zion Williamson,NOP,25.3,Big,308.0,46.0,7.9,0.0,45.0,-0.2,71.0,+2.9%,16.0,+2.3%,63.0,+1.0%,96.0,9.8,48.0,-0.5,60.0,-1.4%,33.0,-1.4%,66.0,-2.4%,18.0,5.0,2025-11-29,5.0,2025-12-05
