Player,Age,Team,Pos,MIN,MPG,Diff Rank,Diff,Exp W,OFFENSE: Pts/Poss Rank,OFFENSE: Pts/Poss,OFFENSE: eFG% Rank,OFFENSE: eFG%,OFFENSE: TOV% Rank,OFFENSE: TOV%,OFFENSE: ORB% Rank,OFFENSE: ORB%,OFFENSE: FT Rate Rank,OFFENSE: FT Rate,DEFENSE: Pts/Poss Rank,DEFENSE: Pts/Poss,DEFENSE: eFG% Rank,DEFENSE: eFG%,DEFENSE: TOV% Rank,DEFENSE: TOV%,DEFENSE: ORB% Rank,DEFENSE: ORB%,DEFENSE: FT Rate Rank,DEFENSE: FT Rate
AJ Green,26.1,MIL,Wing,679,29.6,91,+12.6,+29,94,+11.3,92,+4.8%,62,-0.7%,62,+1.1%,79,+3.2,56,-1.3,29,+1.8%,87,+2.3%,48,+0.3%,76,-2.8
Aaron Gordon,30.1,DEN,Forward,368,28.3,98,+20.8,+33,72,+4.1,38,-1.1%,96,-3.9%,46,-0.5%,47,-0.5,98,-16.8,94,-5.9%,50,-0.1%,97,-7.6%,81,-3.5
Aaron Holiday,29.1,HOU,Point,186,18.7,94,+14.4,+16,64,+2.4,46,-0.4%,98,-4.4%,3,-8.2%,96,+7.5,96,-12.0,96,-6.4%,85,+2.1%,45,+0.6%,8,+5.5
Aaron Nesmith,26.0,IND,Wing,334,30.4,69,+4.7,+8,63,+2.2,16,-3.2%,89,-2.4%,95,+7.3%,80,+3.2,65,-2.5,43,+0.6%,84,+2.1%,90,-4.8%,17,+3.5
Aaron Wiggins,26.8,OKC,Wing,283,25.8,42,-1.6,-2,38,-1.9,37,-1.2%,13,+2.3%,85,+4.1%,33,-1.7,52,-0.3,45,+0.5%,39,-0.7%,58,-0.8%,54,-0.3
Ace Bailey,19.2,UTA,Wing,439,20.9,22,-6.8,-14,29,-3.5,33,-1.5%,56,-0.3%,55,+0.4%,4,-6.5,31,+3.3,30,+1.7%,42,-0.6%,86,-4.1%,3,+7.7
Adem Bona,22.6,PHI,Big,249,15.6,49,+0.3,+1,31,-3.1,19,-2.8%,25,+1.4%,65,+1.3%,75,+2.5,69,-3.4,79,-3.0%,95,+3.4%,3,+7.0%,37,+1.5
Ajay Mitchell,23.4,OKC,Combo,555,25.3,71,+5.6,+7,35,-2.6,38,-1.2%,33,+0.8%,38,-1.2%,64,+1.4,87,-8.2,74,-2.5%,26,-1.4%,98,-8.0%,50,-0.1
Al Horford,39.4,GSW,Big,277,21.3,11,-12.5,-29,22,-4.9,22,-2.5%,57,-0.3%,7,-5.4%,72,+2.1,13,+7.6,11,+4.4%,89,+2.6%,16,+4.3%,67,-1.6
Alex Caruso,31.7,OKC,Forward,282,18.8,98,+20.6,+15,96,+13.2,95,+5.9%,71,-1.0%,12,-4.6%,70,+2.0,85,-7.3,65,-1.5%,98,+4.4%,79,-2.8%,8,+5.4
Alexandre Sarr,20.5,WAS,Big,473,29.6,92,+13.6,+16,84,+6.3,91,+4.8%,60,-0.6%,32,-1.9%,33,-1.7,84,-7.3,82,-3.4%,58,+0.3%,43,+0.8%,86,-4.4
Alperen Sengun,23.3,HOU,Big,680,35.8,4,-17.6,-19,23,-4.6,74,+2.6%,45,+0.2%,11,-4.6%,19,-3.4,5,+13.0,1,+8.5%,94,+3.2%,6,+6.4%,94,-6.2
Amen Thompson,22.8,HOU,Combo,689,36.3,34,-3.6,-5,28,-3.8,27,-2.1%,95,-3.6%,19,-3.6%,67,+1.5,51,-0.2,78,-2.9%,47,-0.4%,10,+5.0%,57,-0.5
Amir Coffey,28.4,MIL,Wing,120,8.6,11,-11.9,-25,11,-9.2,12,-4.2%,81,-1.8%,14,-4.0%,8,-6.0,34,+2.7,91,-4.6%,7,-2.8%,13,+4.5%,77,-2.9
Andre Drummond,32.2,PHI,Big,437,21.9,65,+4.2,+10,49,+0.0,36,-1.3%,84,-2.0%,66,+1.5%,29,-2.1,71,-4.1,70,-1.8%,29,-1.3%,86,-4.2%,70,-1.9
Andrew Nembhard,25.8,IND,Combo,431,30.8,8,-13.6,-20,71,+3.9,82,+3.2%,29,+1.1%,22,-3.1%,92,+5.9,1,+17.4,2,+6.9%,4,-3.2%,3,+6.9%,59,-0.7
Andrew Wiggins,30.7,MIA,Wing,629,33.1,15,-10.2,-22,38,-2.0,50,-0.0%,72,-1.1%,11,-4.7%,32,-1.7,11,+8.3,10,+4.4%,25,-1.5%,32,+1.7%,70,-2.0
Anfernee Simons,26.4,BOS,Combo,518,23.6,45,-0.9,-2,68,+3.1,47,-0.3%,70,-1.0%,10,-4.8%,59,+0.8,28,+4.0,12,+3.8%,55,+0.1%,61,-1.2%,21,+3.2
Anthony Black,21.8,ORL,Wing,608,27.7,58,+2.5,+6,88,+7.9,90,+4.6%,91,-2.6%,38,-1.2%,46,-0.5,20,+5.4,30,+1.7%,40,-0.7%,53,-0.2%,61,-1.1
Anthony Davis,32.6,DAL,Big,238,29.8,53,+1.1,+3,70,+3.6,74,+2.5%,84,-2.0%,30,-2.0%,13,-4.6,35,+2.6,11,+4.0%,34,-1.0%,69,-1.7%,91,-5.6
Anthony Edwards,24.2,MIN,Combo,611,34,39,-2.1,-5,81,+5.5,57,+0.6%,82,-1.8%,63,+1.1%,60,+1.0,13,+7.6,31,+1.6%,5,-3.2%,87,-4.3%,14,+4.0
Ausar Thompson,22.8,DET,Wing,502,27.9,61,+3.0,+6,53,+1.1,72,+2.3%,38,+0.5%,84,+3.9%,30,-2.1,60,-1.8,62,-1.1%,19,-1.8%,84,-3.5%,82,-3.7
Austin Reaves,27.4,LAL,Combo,662,36.8,84,+10.2,+24,62,+2.2,61,+1.1%,71,-1.1%,28,-2.2%,68,+1.7,86,-8.1,79,-3.0%,45,-0.4%,62,-1.3%,82,-3.7
Ayo Dosunmu,25.8,CHI,Wing,528,27.8,62,+3.3,+8,80,+5.4,66,+1.5%,56,-0.3%,62,+1.1%,79,+3.2,38,+2.1,43,+0.6%,67,+0.9%,30,+1.8%,66,-1.5
Bam Adebayo,28.3,MIA,Big,485,30.3,83,+9.7,+21,75,+4.7,74,+2.5%,78,-1.5%,11,-4.7%,93,+6.0,77,-5.0,15,+3.4%,77,+1.5%,100,-10.7%,58,-0.6
Baylor Scheierman,25.1,BOS,Wing,200,11.1,53,+1.2,+2,60,+1.8,62,+1.2%,73,-1.2%,23,-2.9%,49,-0.2,47,+0.6,67,-1.6%,8,-2.7%,12,+4.6%,86,-4.4
Ben Saraf,19.6,BKN,Point,166,15.1,54,+1.4,+3,68,+3.0,96,+6.2%,31,+0.9%,21,-3.1%,3,-7.1,40,+1.6,33,+1.5%,71,+1.1%,66,-1.5%,47,+0.2
Ben Sheppard,24.3,IND,Combo,535,24.3,75,+6.6,+11,62,+2.2,49,-0.1%,33,+0.8%,76,+2.6%,17,-3.8,73,-4.4,69,-1.7%,20,-1.7%,89,-4.7%,22,+3.1
Bennedict Mathurin,23.4,IND,Wing,353,32.2,58,+2.6,+5,70,+3.6,93,+4.9%,20,+1.7%,8,-5.1%,90,+5.5,44,+1.0,56,-0.4%,2,-3.8%,87,-4.3%,75,-2.7
Bilal Coulibaly,21.3,WAS,Wing,325,27.1,80,+8.4,+11,71,+3.7,65,+1.5%,39,+0.4%,75,+2.6%,62,+1.0,76,-4.7,63,-1.1%,67,+0.9%,60,-1.1%,52,-0.2
Bobby Portis,30.7,MIL,Big,499,21.7,28,-4.8,-12,31,-3.2,11,-4.3%,74,-1.2%,89,+4.8%,13,-4.8,40,+1.7,33,+1.4%,33,-1.0%,48,+0.3%,92,-5.9
Bogdan Bogdanovic,33.2,LAC,Wing,212,23.6,87,+11.3,+26,59,+1.7,67,+1.7%,28,+1.1%,43,-0.8%,86,+4.1,90,-9.6,93,-5.3%,62,+0.7%,19,+3.5%,84,-4.1
Bradley Beal,32.3,LAC,Combo,120,20.2,33,-3.9,-7,79,+5.3,95,+5.9%,68,-0.9%,17,-3.8%,4,-6.6,8,+9.2,12,+3.9%,61,+0.5%,14,+4.4%,75,-2.8
Brandin Podziemski,22.7,GSW,Combo,634,27.6,48,-0.3,-1,11,-9.2,4,-5.9%,74,-1.3%,14,-4.0%,87,+4.8,88,-8.9,47,+0.3%,41,-0.7%,96,-6.6%,92,-5.9
Brandon Ingram,28.2,TOR,Wing,783,34.1,4,-17.4,-31,26,-4.0,58,+0.7%,17,+1.9%,29,-2.1%,30,-1.9,3,+13.4,2,+7.2%,40,-0.7%,50,-0.1%,50,-0.1
Brandon Miller,22.9,CHA,Wing,149,25,53,+1.1,+3,82,+5.8,86,+3.9%,91,-2.6%,3,-7.5%,91,+5.7,25,+4.7,52,-0.2%,35,-0.9%,5,+6.6%,31,+2.0
Brandon Williams,25.9,DAL,Point,445,21.2,82,+9.5,+23,86,+7.0,47,-0.3%,77,-1.5%,94,+6.7%,84,+3.8,65,-2.5,45,+0.6%,95,+3.4%,44,+0.7%,16,+3.6
Brice Sensabaugh,22.0,UTA,Wing,302,15.1,26,-5.8,-12,25,-4.3,42,-0.9%,38,+0.5%,6,-5.5%,87,+4.6,42,+1.5,51,-0.1%,80,+1.8%,33,+1.6%,3,+7.8
Brook Lopez,37.6,LAC,Big,235,13.8,20,-7.5,-14,19,-5.7,55,+0.5%,21,+1.7%,19,-3.5%,50,-0.2,39,+1.7,52,-0.1%,82,+2.0%,10,+5.1%,65,-1.5
Bruce Brown,29.2,DEN,Combo,476,22.7,11,-12.2,-22,12,-8.3,2,-7.3%,58,-0.3%,29,-2.1%,85,+4.0,29,+3.9,38,+1.0%,34,-1.0%,64,-1.5%,16,+3.6
Bryce McGowens,23.0,NOP,Wing,195,17.7,65,+4.1,+9,94,+10.9,89,+4.5%,100,-5.4%,27,-2.3%,72,+2.1,15,+6.8,17,+2.9%,14,-2.1%,78,-2.7%,32,+2.0
Buddy Hield,32.9,GSW,Wing,414,18,2,-20.1,-44,19,-5.5,8,-4.9%,38,+0.5%,54,+0.4%,41,-0.8,2,+14.5,6,+5.3%,65,+0.8%,1,+7.7%,38,+1.3
CJ McCollum,34.1,WAS,Combo,623,29.7,88,+11.6,+12,89,+8.3,53,+0.3%,95,-3.6%,77,+2.7%,60,+0.9,69,-3.3,63,-1.1%,42,-0.6%,38,+1.1%,24,+2.7
Cade Cunningham,24.1,DET,Point,696,36.7,71,+5.9,+13,77,+4.9,35,-1.3%,90,-2.5%,90,+5.2%,60,+0.9,55,-1.0,55,-0.4%,9,-2.5%,94,-6.2%,49,-0.0
Caleb Love,24.1,POR,Point,234,16.8,17,-9.4,-21,13,-7.5,5,-5.5%,64,-0.7%,36,-1.3%,41,-0.8,39,+1.9,64,-1.2%,30,-1.2%,47,+0.5%,77,-2.9
Caleb Martin,30.1,DAL,Forward,173,9.1,9,-13.4,-26,3,-13.5,3,-6.9%,26,+1.3%,39,-1.2%,76,+2.7,49,-0.0,31,+1.6%,91,+2.8%,40,+1.0%,58,-0.6
Cam Christie,20.3,LAC,Wing,131,10.2,81,+9.1,+21,48,-0.2,59,+0.9%,94,-3.1%,15,-3.8%,26,-2.5,89,-9.3,96,-6.5%,14,-2.1%,39,+1.1%,99,-10.6
Cam Spencer,25.6,MEM,Wing,422,19.2,40,-1.9,-4,67,+3.0,40,-1.1%,88,-2.3%,60,+1.0%,58,+0.8,24,+4.9,21,+2.7%,83,+2.1%,24,+2.7%,40,+1.1
Cam Whitmore,21.3,WAS,Forward,346,16.5,23,-6.7,-7,42,-1.4,32,-1.6%,64,-0.7%,45,-0.7%,61,+1.0,21,+5.3,27,+1.9%,65,+0.8%,28,+2.2%,58,-0.6
Cameron Johnson,29.7,DEN,Wing,587,29.4,50,+0.6,+1,67,+2.9,77,+2.7%,30,+1.0%,73,+2.3%,5,-6.4,37,+2.3,46,+0.4%,28,-1.3%,18,+3.7%,80,-3.4
Cameron Thomas,24.1,BKN,Combo,226,28.3,27,-5.5,-7,54,+1.3,26,-2.2%,88,-2.3%,37,-1.2%,69,+1.9,16,+6.8,27,+1.9%,47,-0.3%,2,+7.4%,18,+3.4
Caris LeVert,31.2,DET,Wing,328,20.6,6,-15.2,-34,25,-4.1,23,-2.4%,90,-2.4%,0,-10.2%,80,+3.2,5,+11.1,36,+1.2%,8,-2.7%,36,+1.3%,71,-2.1
Carlton Carrington,20.3,WAS,Point,510,24.3,1,-21.2,-26,12,-8.2,22,-2.5%,8,+3.0%,39,-1.2%,74,+2.4,4,+13.0,3,+6.6%,35,-0.9%,39,+1.1%,71,-2.1
Carter Bryant,19.9,SAS,Wing,112,7.1,14,-10.8,-26,8,-10.0,4,-5.8%,72,-1.1%,50,+0.0%,65,+1.5,45,+0.9,81,-3.2%,37,-0.9%,24,+2.6%,84,-4.0
Cason Wallace,22.0,OKC,Wing,594,28.3,30,-4.4,-4,14,-6.9,36,-1.3%,24,+1.4%,83,+3.7%,29,-2.1,65,-2.4,39,+0.9%,81,+2.0%,28,+2.2%,85,-4.2
Cedric Coward,22.1,MEM,Wing,584,26.6,96,+17.5,+37,86,+7.1,85,+3.9%,30,+1.1%,32,-1.8%,66,+1.5,92,-10.4,94,-5.7%,25,-1.5%,78,-2.7%,73,-2.4
Chaz Lanier,23.9,DET,Combo,109,12.1,31,-4.1,-10,53,+1.1,59,+1.1%,66,-0.8%,39,-1.2%,13,-4.6,21,+5.3,20,+2.7%,76,+1.4%,5,+6.6%,84,-4.0
Chet Holmgren,23.5,OKC,Big,531,29.5,45,-0.7,-1,41,-1.5,57,+0.6%,20,+1.7%,79,+3.1%,31,-1.8,54,-0.8,21,+2.6%,73,+1.2%,62,-1.3%,78,-3.2
Chris Paul,40.5,LAC,Point,210,13.2,16,-9.6,-19,2,-14.6,10,-4.7%,19,+1.7%,35,-1.4%,2,-9.8,78,-5.0,57,-0.5%,91,+2.9%,49,+0.3%,17,+3.5
Christian Braun,24.5,DEN,Wing,323,29.4,94,+14.8,+24,64,+2.4,55,+0.4%,38,+0.5%,59,+0.8%,55,+0.4,97,-12.3,80,-3.2%,95,+3.5%,60,-1.0%,76,-2.8
Clint Capela,31.5,HOU,Big,157,8.7,18,-9.0,-15,7,-10.5,3,-6.9%,48,-0.0%,56,+0.5%,1,-11.1,58,-1.5,44,+0.6%,18,-1.9%,72,-2.1%,75,-2.8
Coby White,25.7,CHI,Combo,153,30.7,89,+12.0,+28,92,+9.9,80,+3.1%,92,-2.7%,57,+0.6%,77,+2.8,61,-2.1,89,-4.3%,73,+1.2%,3,+7.4%,12,+4.5
Cody Williams,20.9,UTA,Wing,122,12.2,28,-4.9,-9,70,+3.3,89,+4.4%,14,+2.3%,1,-9.2%,99,+10.6,11,+8.3,8,+4.8%,86,+2.2%,57,-0.5%,25,+2.6
Cole Anthony,25.5,MIL,Point,347,17.4,12,-11.7,-27,4,-11.8,6,-5.3%,24,+1.5%,70,+2.0%,16,-3.9,50,-0.2,44,+0.6%,49,-0.1%,54,-0.3%,57,-0.5
Collin Gillespie,26.4,PHX,Point,572,26,49,+0.2,+1,47,-0.4,56,+0.6%,32,+0.9%,49,-0.1%,9,-5.6,53,-0.7,49,+0.1%,32,-1.2%,66,-1.5%,34,+1.8
Collin Murray-Boyles,20.4,TOR,Big,318,17.7,13,-11.3,-26,7,-10.6,6,-5.4%,44,+0.2%,37,-1.3%,26,-2.5,46,+0.7,46,+0.4%,51,-0.1%,68,-1.6%,14,+3.9
Collin Sexton,26.8,CHA,Combo,524,25,47,-0.4,-1,21,-5.0,52,+0.1%,22,+1.6%,47,-0.5%,34,-1.6,75,-4.7,78,-2.8%,80,+1.9%,21,+3.3%,43,+0.7
Cooper Flagg,18.9,DAL,Combo,742,33.7,5,-16.2,-39,14,-7.1,50,-0.1%,69,-0.9%,8,-5.2%,11,-5.4,9,+9.2,15,+3.3%,15,-2.0%,44,+0.7%,10,+4.9
Corey Kispert,26.7,WAS,Wing,338,19.9,95,+15.3,+21,77,+5.0,70,+2.0%,62,-0.6%,45,-0.7%,51,-0.0,92,-10.3,96,-6.4%,33,-1.0%,61,-1.1%,48,+0.1
Craig Porter,25.7,CLE,Point,322,16.1,24,-6.3,-15,38,-2.2,31,-1.6%,35,+0.6%,57,+0.6%,79,+3.0,27,+4.1,8,+4.7%,93,+3.1%,35,+1.4%,74,-2.6
D'Angelo Russell,29.7,DAL,Combo,388,20.5,57,+1.8,+4,65,+2.5,75,+2.6%,47,+0.0%,14,-4.3%,62,+1.1,47,+0.7,74,-2.4%,19,-1.8%,28,+2.2%,63,-1.3
Dalen Terry,23.3,CHI,Wing,106,10.6,91,+12.8,+31,44,-1.0,13,-4.1%,63,-0.7%,81,+3.3%,21,-3.2,98,-13.8,99,-10.2%,100,+6.0%,6,+6.3%,0,+11.6
Dalton Knecht,24.5,LAL,Wing,261,15.4,10,-12.9,-30,5,-11.5,11,-4.3%,28,+1.1%,18,-3.6%,39,-0.9,41,+1.5,89,-4.4%,26,-1.4%,9,+5.5%,5,+6.3
Daniel Gafford,27.1,DAL,Big,343,22.9,54,+1.2,+3,31,-3.2,41,-1.0%,46,+0.0%,69,+2.0%,18,-3.6,73,-4.4,68,-1.6%,24,-1.5%,53,-0.2%,79,-3.2
Daniss Jenkins,24.2,DET,Combo,299,18.7,55,+1.4,+4,33,-3.0,41,-1.0%,4,+3.7%,82,+3.5%,65,+1.5,74,-4.5,29,+1.8%,88,+2.5%,64,-1.4%,72,-2.3
Danny Wolf,21.5,BKN,Forward,117,14.7,97,+18.5,+40,43,-1.2,84,+3.6%,0,+6.1%,80,+3.2%,82,+3.6,99,-19.7,100,-10.6%,49,-0.1%,94,-5.6%,45,+0.3
Darius Garland,25.8,CLE,Point,223,27.9,24,-6.3,-15,60,+1.9,42,-1.0%,93,-2.8%,47,-0.5%,31,-1.8,11,+8.2,14,+3.4%,31,-1.2%,19,+3.6%,30,+2.2
Davion Mitchell,27.2,MIA,Point,663,30.2,62,+3.0,+6,78,+5.2,68,+1.9%,98,-4.4%,2,-8.5%,34,-1.6,37,+2.2,16,+3.2%,28,-1.3%,65,-1.5%,67,-1.7
Day'Ron Sharpe,24.0,BKN,Big,314,15,52,+1.1,+1,23,-4.6,55,+0.5%,2,+4.2%,88,+4.6%,28,-2.2,81,-5.7,41,+0.8%,88,+2.5%,95,-6.4%,31,+2.1
De'Aaron Fox,27.9,SAS,Point,427,32.9,55,+1.4,+3,67,+2.9,79,+2.9%,80,-1.7%,21,-3.1%,25,-2.5,41,+1.5,45,+0.4%,1,-4.3%,48,+0.4%,87,-4.7
DeAndre Hunter,27.9,CLE,Wing,550,29,30,-4.4,-11,47,-0.3,37,-1.2%,40,+0.3%,71,+2.2%,81,+3.4,26,+4.1,28,+1.8%,11,-2.4%,60,-0.9%,32,+2.0
DeMar DeRozan,36.2,SAC,Forward,717,32.6,45,-0.8,-1,57,+1.6,64,+1.3%,52,-0.1%,21,-3.3%,88,+4.9,36,+2.4,28,+1.9%,21,-1.7%,56,-0.4%,25,+2.6
Dean Wade,28.9,CLE,Forward,461,22,30,-4.6,-11,23,-4.6,27,-2.1%,58,-0.3%,68,+1.9%,40,-0.8,49,-0.0,46,+0.4%,65,+0.8%,88,-4.6%,72,-2.1
Deandre Ayton,27.3,LAL,Big,560,29.5,33,-3.9,-9,46,-0.8,74,+2.5%,18,+1.8%,55,+0.4%,4,-6.9,32,+3.1,18,+2.9%,86,+2.3%,17,+3.9%,89,-5.0
Deni Avdija,24.8,POR,Forward,754,34.3,96,+17.2,+35,99,+17.5,98,+8.3%,67,-0.8%,72,+2.3%,96,+7.6,48,+0.3,26,+2.0%,54,+0.1%,70,-1.7%,39,+1.3
Dennis Schroder,32.1,SAC,Point,523,29.1,31,-4.3,-7,40,-1.7,39,-1.1%,72,-1.1%,30,-2.1%,77,+2.9,34,+2.6,57,-0.5%,5,-3.2%,85,-3.9%,55,-0.4
Dereck Lively II,21.7,DAL,Big,115,16.5,86,+11.0,+28,53,+1.2,51,+0.1%,10,+2.6%,86,+4.2%,92,+5.8,90,-9.8,72,-2.2%,89,+2.8%,96,-6.7%,26,+2.6
Derik Queen,20.8,NOP,Big,541,24.6,46,-0.7,-0,74,+4.5,69,+1.9%,73,-1.2%,22,-3.1%,97,+8.0,22,+5.2,19,+2.8%,64,+0.7%,8,+5.8%,40,+1.1
Derrick Jones Jr.,28.7,LAC,Forward,322,24.8,38,-2.3,-4,60,+1.8,83,+3.5%,18,+1.8%,40,-1.1%,10,-5.6,28,+4.1,35,+1.4%,30,-1.2%,35,+1.4%,19,+3.3
Derrick White,31.3,BOS,Combo,696,33.2,72,+5.9,+14,37,-2.3,58,+0.9%,22,+1.6%,45,-0.7%,66,+1.5,87,-8.2,81,-3.3%,67,+0.9%,79,-2.9%,36,+1.6
Desmond Bane,27.4,ORL,Combo,723,32.9,56,+1.6,+4,50,+0.3,56,+0.6%,52,-0.1%,36,-1.4%,56,+0.4,57,-1.3,59,-0.8%,20,-1.7%,67,-1.6%,28,+2.3
Devin Booker,29.0,PHX,Combo,761,34.6,27,-5.5,-12,18,-5.8,2,-7.4%,9,+2.8%,75,+2.6%,99,+10.0,51,-0.3,73,-2.4%,56,+0.1%,15,+4.3%,27,+2.4
Devin Vassell,25.2,SAS,Wing,689,32.8,80,+8.5,+20,66,+2.8,86,+4.0%,37,+0.6%,7,-5.4%,49,-0.2,81,-5.7,60,-0.9%,74,+1.3%,23,+2.8%,73,-2.4
Dillon Brooks,29.8,PHX,Wing,499,31.2,21,-6.9,-16,30,-3.5,25,-2.3%,47,+0.0%,33,-1.6%,93,+6.0,30,+3.4,19,+2.8%,89,+2.7%,18,+3.6%,41,+1.0
Domantas Sabonis,29.5,SAC,Big,364,33.1,8,-13.6,-18,25,-4.2,29,-1.9%,52,-0.1%,33,-1.8%,53,+0.2,8,+9.5,3,+6.7%,8,-2.8%,96,-6.8%,35,+1.8
Dominick Barlow,22.4,PHI,Big,309,25.8,52,+1.0,+3,25,-4.2,45,-0.4%,64,-0.7%,5,-6.7%,21,-3.2,78,-5.1,73,-2.4%,50,-0.1%,80,-2.9%,43,+0.6
Donovan Clingan,21.7,POR,Big,527,25.1,50,+0.5,+1,26,-4.0,30,-1.7%,11,+2.5%,99,+10.7%,7,-6.0,74,-4.5,38,+1.2%,66,+0.9%,96,-6.7%,95,-6.6
Donovan Mitchell,29.1,CLE,Combo,715,34.1,90,+12.5,+30,96,+13.5,99,+8.5%,31,+1.0%,52,+0.3%,53,+0.2,43,+1.0,42,+0.7%,4,-3.3%,85,-4.0%,7,+5.6
Donte DiVincenzo,28.8,MIN,Wing,692,31.5,93,+14.1,+31,92,+9.3,97,+7.4%,84,-2.0%,25,-2.6%,31,-1.9,76,-4.7,83,-3.6%,23,-1.6%,27,+2.3%,90,-5.4
Drake Powell,20.1,BKN,Combo,267,17.8,53,+1.2,+2,40,-1.6,45,-0.4%,30,+1.0%,26,-2.4%,74,+2.4,67,-2.8,65,-1.4%,43,-0.5%,59,-0.9%,56,-0.5
Draymond Green,35.7,GSW,Big,562,28.1,92,+13.6,+33,54,+1.2,76,+2.7%,43,+0.3%,20,-3.3%,63,+1.3,97,-12.4,94,-5.5%,22,-1.7%,91,-5.0%,86,-4.4
Drew Eubanks,28.7,SAC,Big,340,15.5,68,+4.7,+7,34,-2.7,72,+2.3%,7,+3.0%,46,-0.6%,73,+2.3,85,-7.4,69,-1.8%,77,+1.5%,36,+1.4%,99,-10.5
Dru Smith,27.8,MIA,Point,370,16.8,43,-1.3,-2,19,-5.4,23,-2.4%,1,+4.5%,98,+8.7%,62,+1.0,72,-4.1,90,-4.5%,72,+1.2%,31,+1.8%,29,+2.2
Duncan Robinson,31.5,DET,Wing,638,31.9,89,+11.9,+26,95,+11.7,88,+4.3%,92,-2.7%,58,+0.8%,26,-2.5,51,-0.3,75,-2.5%,1,-4.2%,71,-1.9%,16,+3.6
Dwight Powell,34.3,DAL,Big,181,10.1,81,+9.0,+23,90,+8.6,79,+2.9%,75,-1.3%,18,-3.7%,67,+1.6,53,-0.4,76,-2.7%,62,+0.6%,49,+0.1%,30,+2.1
Dylan Harper,19.7,SAS,Combo,230,20.9,43,-1.3,-4,87,+7.9,39,-1.1%,92,-2.6%,99,+9.2%,69,+1.8,9,+9.2,16,+3.1%,87,+2.3%,85,-3.7%,5,+6.3
Dyson Daniels,22.6,ATL,Wing,775,33.7,88,+11.6,+28,97,+14.2,85,+3.9%,97,-4.1%,61,+1.0%,75,+2.6,35,+2.6,24,+2.3%,75,+1.3%,23,+2.8%,66,-1.5
Egor Dëmin,19.7,BKN,Point,449,22.5,51,+0.7,+1,37,-2.3,40,-1.1%,27,+1.2%,49,-0.1%,13,-4.7,68,-3.0,49,+0.1%,68,+0.9%,52,-0.1%,45,+0.3
Evan Mobley,24.4,CLE,Big,744,33.9,85,+10.8,+26,76,+4.8,87,+4.1%,15,+2.2%,67,+1.6%,54,+0.3,82,-5.9,86,-3.8%,3,-3.5%,83,-3.4%,52,-0.2
Franz Wagner,24.2,ORL,Wing,759,34.5,36,-3.1,-7,20,-5.2,44,-0.5%,6,+3.2%,50,+0.1%,71,+2.1,62,-2.1,25,+2.2%,84,+2.1%,30,+1.8%,62,-1.1
Gabe Vincent,29.4,LAL,Combo,218,21.9,84,+10.4,+20,97,+15.7,96,+6.8%,77,-1.5%,59,+0.8%,99,+10.3,20,+5.4,16,+3.2%,15,-2.0%,39,+1.1%,51,-0.2
Gary Harris,31.1,MIL,Wing,166,12.8,7,-13.7,-29,8,-10.3,15,-3.5%,0,+4.9%,78,+3.0%,52,-0.0,30,+3.4,9,+4.6%,90,+2.8%,47,+0.5%,28,+2.3
Gary Payton II,32.9,GSW,Wing,242,12.1,42,-1.6,-4,77,+4.8,71,+2.2%,80,-1.7%,77,+2.8%,11,-5.4,17,+6.4,66,-1.5%,72,+1.2%,7,+5.9%,1,+9.3
Gary Trent Jr.,26.8,MIL,Wing,636,27.7,4,-16.8,-38,9,-9.5,25,-2.2%,6,+3.3%,24,-2.8%,36,-1.2,14,+7.3,34,+1.4%,6,-3.0%,46,+0.5%,4,+6.5
Giannis Antetokounmpo,30.9,MIL,Forward,494,29.1,97,+18.8,+42,98,+16.8,99,+9.1%,57,-0.3%,89,+5.0%,95,+6.7,61,-2.0,67,-1.6%,43,-0.6%,25,+2.5%,41,+1.0
Goga Bitadze,26.3,ORL,Big,338,16.1,56,+1.6,+3,81,+5.6,82,+3.2%,87,-2.2%,37,-1.2%,55,+0.4,28,+4.1,24,+2.2%,83,+2.1%,29,+1.9%,80,-3.3
Gradey Dick,21.9,TOR,Wing,347,15.1,98,+23.1,+39,95,+11.9,77,+2.7%,86,-2.2%,64,+1.2%,66,+1.5,94,-11.2,96,-6.3%,83,+2.1%,42,+0.8%,9,+5.0
Grayson Allen,30.1,PHX,Wing,442,31.6,50,+0.6,+1,58,+1.6,62,+1.1%,89,-2.4%,23,-2.9%,71,+2.1,43,+1.1,36,+1.2%,53,+0.1%,25,+2.5%,88,-4.8
Guerschon Yabusele,29.9,NYK,Big,184,9.2,36,-2.9,-5,5,-11.3,16,-3.3%,60,-0.5%,8,-5.2%,35,-1.4,87,-8.4,91,-4.7%,92,+3.0%,19,+3.6%,33,+1.8
Harrison Barnes,33.4,SAS,Big,650,31,38,-2.4,-6,61,+2.0,89,+4.5%,77,-1.4%,1,-9.5%,45,-0.6,26,+4.3,25,+2.2%,18,-1.8%,46,+0.5%,91,-5.4
Herbert Jones,27.1,NOP,Wing,484,30.3,46,-0.6,-1,34,-2.7,43,-0.9%,21,+1.7%,48,-0.2%,21,-3.2,62,-2.1,4,+6.2%,97,+3.9%,89,-4.7%,43,+0.5
Hugo González,19.7,BOS,Wing,174,10.3,77,+7.5,+15,69,+3.3,75,+2.7%,93,-3.0%,12,-4.6%,6,-6.2,72,-4.2,40,+0.8%,100,+7.1%,14,+4.3%,47,+0.1
Immanuel Quickley,26.4,TOR,Point,743,32.3,21,-7.1,-14,23,-4.9,65,+1.4%,83,-2.0%,2,-8.3%,14,-4.3,37,+2.2,55,-0.4%,9,-2.6%,20,+3.5%,97,-7.9
Isaac Okoro,24.8,CHI,Wing,372,24.8,12,-11.7,-26,20,-5.2,48,-0.3%,46,+0.0%,40,-1.0%,50,-0.1,17,+6.4,43,+0.7%,1,-4.6%,63,-1.4%,53,-0.2
Isaiah Collier,21.1,UTA,Point,262,20.2,2,-19.5,-33,6,-10.8,18,-3.0%,18,+1.8%,1,-8.7%,54,+0.2,9,+8.7,18,+2.9%,55,+0.1%,4,+6.7%,22,+3.0
Isaiah Hartenstein,27.5,OKC,Big,523,27.6,40,-2.0,-1,24,-4.4,24,-2.3%,14,+2.3%,99,+10.9%,6,-6.3,64,-2.4,13,+3.7%,76,+1.4%,71,-1.9%,82,-3.7
Isaiah Jackson,23.8,IND,Big,413,18.8,55,+1.5,+3,75,+4.7,64,+1.4%,67,-0.8%,85,+4.1%,63,+1.2,31,+3.2,12,+3.7%,69,+1.1%,12,+4.6%,95,-6.8
Isaiah Joe,26.3,OKC,Wing,337,19.8,64,+3.6,+3,81,+5.6,61,+1.1%,87,-2.2%,24,-2.6%,64,+1.4,38,+2.0,48,+0.2%,92,+3.0%,18,+3.8%,48,+0.0
Isaiah Livers,27.3,PHX,Forward,143,11,96,+17.8,+29,91,+9.1,65,+1.5%,87,-2.3%,97,+8.2%,47,-0.5,88,-8.8,99,-7.9%,86,+2.2%,36,+1.3%,9,+5.0
Isaiah Stewart,24.4,DET,Big,421,22.2,14,-11.2,-25,20,-5.3,43,-0.7%,91,-2.5%,3,-7.4%,28,-2.2,18,+6.0,36,+1.3%,8,-2.7%,59,-0.8%,64,-1.3
Ivica Zubac,28.6,LAC,Big,712,32.4,94,+14.9,+26,76,+4.7,45,-0.5%,85,-2.1%,84,+3.9%,43,-0.7,91,-10.1,82,-3.5%,29,-1.2%,97,-7.0%,44,+0.5
Ja Morant,26.2,MEM,Point,345,28.8,30,-4.4,-10,21,-5.0,40,-1.1%,40,+0.4%,16,-3.8%,82,+3.6,53,-0.6,18,+2.9%,82,+2.0%,49,+0.1%,11,+4.6
Ja'Kobe Walter,21.2,TOR,Wing,305,15.3,15,-10.0,-23,16,-6.2,10,-4.7%,54,-0.2%,55,+0.4%,43,-0.7,29,+3.8,27,+1.9%,54,+0.1%,67,-1.6%,53,-0.2
Jabari Smith Jr.,22.5,HOU,Forward,598,33.3,67,+4.5,+6,78,+5.0,83,+3.5%,85,-2.1%,17,-3.7%,70,+2.0,47,+0.6,58,-0.7%,52,-0.0%,48,+0.4%,15,+3.7
Jabari Walker,23.3,PHI,Forward,252,12.6,26,-5.8,-14,61,+2.0,73,+2.3%,12,+2.5%,93,+6.0%,18,-3.6,12,+7.9,1,+7.4%,87,+2.4%,61,-1.1%,55,-0.4
Jaden Hardy,22.3,DAL,Combo,169,9.4,92,+13.7,+34,69,+3.2,60,+1.1%,25,+1.4%,43,-0.8%,64,+1.4,93,-10.5,92,-4.9%,82,+2.0%,13,+4.5%,44,+0.4
Jaden McDaniels,25.1,MIN,Wing,666,31.8,73,+6.1,+14,55,+1.4,98,+8.4%,16,+2.0%,4,-7.1%,44,-0.6,75,-4.7,86,-3.8%,44,-0.5%,10,+4.9%,83,-3.9
Jaime Jaquez Jr.,24.7,MIA,Forward,603,28.7,82,+9.5,+21,42,-1.4,24,-2.3%,29,+1.1%,89,+5.0%,32,-1.7,93,-10.9,98,-7.6%,82,+2.0%,16,+4.2%,50,-0.0
Jake LaRavia,24.0,LAL,Wing,527,25.1,18,-9.0,-20,27,-3.9,10,-4.6%,58,-0.4%,87,+4.3%,33,-1.7,23,+5.1,28,+1.8%,93,+3.1%,17,+4.0%,31,+2.0
Jakob Poeltl,30.0,TOR,Big,422,26.4,47,-0.5,-1,39,-1.8,63,+1.3%,37,+0.6%,65,+1.4%,52,+0.1,57,-1.3,31,+1.6%,19,-1.7%,94,-5.9%,59,-0.7
Jalen Brunson,29.2,NYK,Point,660,34.8,80,+8.5,+17,92,+9.4,84,+3.7%,59,-0.4%,48,-0.3%,77,+2.8,44,+1.0,60,-0.9%,63,+0.7%,50,-0.0%,4,+6.3
Jalen Duren,22.0,DET,Big,552,29.1,96,+17.5,+37,92,+9.4,63,+1.3%,77,-1.4%,94,+6.6%,85,+3.9,87,-8.1,88,-4.0%,57,+0.2%,69,-1.7%,69,-1.9
Jalen Johnson,23.9,ATL,Forward,697,34.9,65,+4.1,+10,64,+2.3,75,+2.6%,43,+0.3%,31,-2.0%,91,+5.7,60,-1.9,80,-3.1%,24,-1.6%,60,-0.9%,25,+2.7
Jalen Smith,25.6,CHI,Big,305,17,67,+4.3,+11,94,+11.2,86,+4.0%,41,+0.3%,89,+5.1%,38,-1.0,14,+6.9,35,+1.3%,80,+1.9%,9,+5.4%,3,+7.9
Jalen Suggs,24.4,ORL,Combo,417,24.5,87,+11.5,+26,51,+0.6,67,+1.7%,20,+1.7%,50,+0.0%,38,-0.9,94,-11.0,68,-1.6%,97,+3.8%,77,-2.6%,37,+1.5
Jalen Wilson,25.0,BKN,Wing,234,14.7,9,-13.1,-16,16,-6.3,15,-3.4%,59,-0.4%,71,+2.2%,37,-1.1,15,+6.8,16,+3.1%,74,+1.3%,50,+0.0%,12,+4.5
Jamal Murray,28.7,DEN,Point,694,34.7,68,+4.6,+8,83,+6.0,88,+4.3%,53,-0.2%,57,+0.6%,44,-0.6,41,+1.5,23,+2.4%,11,-2.4%,95,-6.6%,23,+3.0
Jamal Shead,23.3,TOR,Combo,425,18.5,67,+4.2,+9,58,+1.6,28,-1.9%,26,+1.2%,90,+5.2%,59,+0.9,66,-2.6,52,-0.1%,94,+3.3%,59,-0.9%,5,+6.2
James Harden,36.2,LAC,Point,738,35.1,73,+6.1,+13,96,+13.5,92,+4.9%,70,-1.0%,65,+1.4%,85,+4.0,13,+7.4,15,+3.3%,42,-0.6%,58,-0.8%,40,+1.0
Jamison Battle,24.5,TOR,Big,104,7.5,99,+26.1,+30,100,+20.7,100,+9.3%,53,-0.2%,67,+1.5%,100,+11.2,79,-5.4,87,-3.8%,57,+0.3%,51,-0.1%,71,-2.0
Jarace Walker,22.2,IND,Wing,580,26.4,26,-5.8,-10,32,-3.1,58,+0.7%,31,+0.9%,29,-2.2%,36,-1.2,33,+2.8,36,+1.2%,60,+0.4%,17,+4.0%,41,+1.0
Jared McCain,21.7,PHI,Combo,210,17.6,42,-1.5,-4,37,-2.2,62,+1.1%,72,-1.1%,20,-3.3%,15,-4.2,54,-0.7,66,-1.5%,27,-1.4%,29,+2.2%,49,+0.0
Jaren Jackson,26.1,MEM,Big,590,29.5,27,-5.5,-14,8,-10.5,26,-2.2%,10,+2.7%,9,-4.9%,20,-3.4,77,-4.9,69,-1.7%,28,-1.3%,73,-2.2%,67,-1.7
Jarred Vanderbilt,26.6,LAL,Big,242,17.3,31,-4.0,-9,18,-5.8,33,-1.5%,2,+4.0%,84,+3.9%,47,-0.5,59,-1.7,71,-2.1%,68,+0.9%,80,-3.0%,1,+9.7
Jarrett Allen,27.5,CLE,Big,391,26.1,72,+5.9,+13,85,+6.8,81,+3.1%,70,-1.0%,53,+0.3%,89,+5.2,45,+0.9,26,+2.0%,73,+1.2%,42,+0.8%,97,-7.4
Javonte Green,32.3,DET,Wing,409,18.6,60,+2.7,+6,29,-3.5,67,+1.9%,1,+4.8%,51,+0.2%,73,+2.3,82,-6.2,65,-1.5%,99,+5.5%,5,+6.5%,68,-1.9
Jaxson Hayes,25.4,LAL,Big,311,17.3,34,-3.4,-8,35,-2.4,14,-3.6%,92,-2.6%,42,-0.9%,78,+2.9,44,+0.9,53,-0.2%,3,-3.6%,93,-5.5%,18,+3.5
Jay Huff,28.2,IND,Big,364,16.6,66,+4.2,+5,3,-13.0,18,-3.0%,8,+3.0%,9,-4.9%,5,-6.4,99,-17.2,100,-10.8%,48,-0.2%,55,-0.3%,87,-4.5
Jaylen Brown,29.0,BOS,Wing,701,33.4,36,-2.8,-7,72,+4.2,69,+1.9%,36,+0.6%,77,+2.8%,78,+3.0,14,+7.0,21,+2.6%,43,-0.6%,26,+2.4%,44,+0.4
Jaylen Clark,24.1,MIN,Wing,290,14.5,64,+3.6,+8,40,-1.6,4,-6.6%,75,-1.3%,96,+7.5%,76,+2.7,78,-5.2,81,-3.3%,90,+2.8%,74,-2.3%,13,+4.4
Jaylen Wells,22.2,MEM,Wing,579,26.4,60,+2.8,+7,86,+7.6,87,+4.3%,85,-2.1%,82,+3.7%,17,-3.8,24,+4.8,24,+2.2%,6,-2.9%,65,-1.5%,24,+2.8
Jaylin Williams,23.3,OKC,Big,344,16.4,39,-2.1,-2,49,+0.0,43,-0.7%,64,-0.7%,4,-6.8%,86,+4.2,38,+2.2,84,-3.6%,26,-1.4%,32,+1.7%,14,+4.0
Jaylon Tyson,22.9,CLE,Wing,472,26.3,52,+1.0,+2,81,+5.7,65,+1.5%,75,-1.3%,92,+5.7%,7,-6.1,25,+4.6,40,+0.8%,77,+1.6%,13,+4.5%,4,+7.1
Jerami Grant,31.6,POR,Forward,614,29.2,28,-5.2,-12,87,+7.8,84,+3.5%,76,-1.4%,26,-2.5%,96,+8.0,4,+13.0,7,+5.1%,45,-0.4%,11,+4.7%,14,+4.0
Jeremiah Fears,19.0,NOP,Combo,619,26.9,17,-9.2,-17,30,-3.3,21,-2.6%,55,-0.3%,62,+1.1%,45,-0.6,18,+5.9,4,+5.8%,42,-0.6%,44,+0.7%,59,-0.7
Jeremiah Robinson-Earl,25.0,IND,Forward,276,16.3,10,-13.0,-19,50,+0.2,44,-0.5%,52,-0.1%,81,+3.4%,57,+0.5,4,+13.2,5,+5.4%,45,-0.4%,41,+1.0%,22,+3.1
Jeremy Sochan,22.5,SAS,Forward,247,16.5,3,-17.9,-40,24,-4.6,29,-1.9%,1,+4.3%,70,+2.0%,67,+1.5,3,+13.3,4,+6.4%,79,+1.8%,26,+2.4%,2,+8.5
Jericho Sims,27.0,MIL,Big,197,12.3,1,-24.6,-42,1,-16.6,1,-8.7%,1,+4.6%,79,+3.0%,21,-3.2,12,+8.0,14,+3.4%,14,-2.1%,91,-5.0%,33,+1.8
Jett Howard,22.1,ORL,Wing,124,9.6,23,-6.4,-15,97,+15.4,71,+2.2%,94,-3.3%,94,+6.4%,8,-5.8,0,+21.9,4,+6.1%,0,-4.6%,18,+3.8%,23,+3.0
Jevon Carter,30.1,CHI,Combo,154,12.9,8,-13.6,-26,21,-5.0,54,+0.3%,69,-1.0%,6,-5.9%,0,-11.6,10,+8.6,10,+4.4%,91,+2.9%,0,+9.3%,10,+4.9
Jimmy Butler,36.1,GSW,Forward,616,30.8,91,+13.2,+32,90,+8.8,85,+3.8%,99,-4.5%,19,-3.4%,98,+8.5,72,-4.3,60,-0.9%,45,-0.4%,74,-2.2%,94,-6.2
Jock Landale,30.0,MEM,Big,475,21.6,1,-21.7,-45,15,-6.5,7,-5.1%,69,-1.0%,70,+2.0%,28,-2.3,2,+15.2,0,+8.9%,78,+1.6%,8,+5.6%,53,-0.3
Joel Embiid,31.6,PHI,Big,195,24.4,33,-3.7,-9,56,+1.5,90,+4.6%,35,+0.7%,13,-4.4%,42,-0.7,22,+5.2,11,+3.9%,12,-2.3%,58,-0.8%,84,-4.0
John Collins,28.1,LAC,Big,585,26.6,60,+2.8,+5,36,-2.3,11,-4.4%,33,+0.8%,92,+6.0%,88,+4.8,79,-5.2,77,-2.7%,61,+0.5%,70,-1.8%,77,-2.9
John Konchar,29.6,MEM,Wing,233,13,78,+7.6,+19,27,-3.9,16,-3.3%,82,-1.9%,63,+1.2%,15,-4.2,95,-11.5,98,-7.7%,10,-2.4%,86,-4.2%,55,-0.4
Jonas Valanciunas,33.5,DEN,Big,255,12.2,1,-23.8,-48,0,-20.6,3,-6.9%,29,+1.1%,70,+2.1%,2,-9.1,31,+3.3,42,+0.7%,4,-3.3%,36,+1.3%,51,-0.2
Jonathan Isaac,28.1,ORL,Big,196,9.8,6,-15.3,-36,1,-17.1,0,-10.6%,66,-0.8%,58,+0.6%,61,+1.0,59,-1.8,84,-3.7%,58,+0.4%,82,-3.1%,62,-1.2
Jonathan Kuminga,23.1,GSW,Forward,412,25.8,19,-8.5,-21,31,-3.2,64,+1.3%,19,+1.7%,16,-3.8%,19,-3.6,20,+5.3,9,+4.6%,52,+0.0%,97,-6.9%,20,+3.3
Jordan Clarkson,33.4,NYK,Wing,402,19.2,13,-11.6,-23,24,-4.4,37,-1.2%,55,-0.2%,20,-3.3%,80,+3.2,14,+7.1,13,+3.5%,62,+0.6%,52,-0.2%,63,-1.3
Jordan Goodwin,27.0,PHX,Wing,346,19.3,89,+12.2,+25,87,+7.6,64,+1.4%,70,-1.0%,95,+7.2%,25,-2.5,75,-4.6,38,+1.1%,64,+0.7%,99,-8.6%,21,+3.1
Jordan Hawkins,23.5,NOP,Wing,272,16,67,+4.3,+8,66,+2.7,89,+4.5%,26,+1.2%,11,-4.8%,29,-2.1,58,-1.6,97,-6.9%,4,-3.4%,4,+6.6%,88,-5.0
Jordan Poole,26.4,NOP,Combo,210,30.1,8,-13.6,-17,22,-4.9,8,-5.1%,50,-0.1%,63,+1.1%,86,+4.3,9,+8.8,11,+4.0%,79,+1.7%,4,+6.9%,10,+4.7
Jordan Walsh,21.7,BOS,Wing,343,21.5,63,+3.5,+7,73,+4.4,82,+3.3%,23,+1.5%,90,+5.2%,65,+1.4,46,+0.9,45,+0.5%,10,-2.4%,88,-4.5%,55,-0.4
Jose Alvarado,27.6,NOP,Point,477,21.7,76,+6.9,+12,66,+2.8,60,+1.1%,61,-0.6%,33,-1.7%,71,+2.1,71,-4.1,92,-4.9%,50,-0.1%,32,+1.7%,79,-3.2
Josh Giddey,23.1,CHI,Point,649,34.2,77,+7.5,+17,59,+1.7,63,+1.2%,61,-0.6%,64,+1.2%,86,+4.5,81,-5.7,85,-3.7%,6,-3.1%,82,-3.2%,73,-2.3
Josh Hart,30.7,NYK,Wing,581,29.1,32,-3.9,-8,72,+4.1,68,+1.9%,11,+2.6%,69,+1.9%,50,-0.1,12,+8.0,31,+1.6%,65,+0.7%,21,+3.3%,8,+5.5
Josh Minott,22.9,BOS,Big,388,18.5,40,-1.9,-4,38,-2.0,49,-0.1%,43,+0.2%,74,+2.5%,38,-0.9,50,-0.1,74,-2.4%,44,-0.5%,41,+0.9%,75,-2.8
Josh Okogie,27.2,HOU,Wing,387,20.4,34,-3.6,-6,82,+6.0,78,+2.9%,61,-0.6%,83,+3.8%,23,-2.9,7,+9.6,5,+5.5%,96,+3.8%,20,+3.4%,33,+1.8
Jrue Holiday,35.4,POR,Point,400,33.4,71,+5.9,+14,70,+3.5,92,+4.8%,57,-0.3%,15,-3.9%,16,-3.9,64,-2.4,60,-0.8%,96,+3.5%,26,+2.4%,19,+3.4
Julian Champagnie,24.3,SAS,Wing,599,28.5,64,+3.8,+9,57,+1.6,68,+1.9%,78,-1.5%,8,-5.1%,38,-1.0,64,-2.3,57,-0.6%,36,-0.9%,63,-1.3%,82,-3.7
Julian Phillips,22.0,CHI,Forward,182,9.6,87,+11.2,+27,82,+5.9,95,+5.5%,13,+2.4%,48,-0.2%,18,-3.7,79,-5.3,71,-2.0%,92,+3.0%,38,+1.1%,16,+3.5
Julius Randle,30.9,MIN,Big,739,33.6,87,+11.0,+25,99,+17.6,97,+8.2%,54,-0.2%,54,+0.4%,97,+8.0,16,+6.5,53,-0.2%,16,-2.0%,19,+3.6%,29,+2.3
Justin Champagnie,24.3,WAS,Big,207,12.2,17,-9.3,-7,72,+3.9,32,-1.6%,60,-0.5%,97,+8.2%,92,+5.9,4,+13.2,6,+5.3%,85,+2.2%,0,+9.0%,13,+4.3
Justin Edwards,21.9,PHI,Wing,337,17.8,13,-11.6,-27,41,-1.5,53,+0.3%,48,0.0%,6,-6.0%,57,+0.6,6,+10.1,6,+5.2%,34,-1.0%,46,+0.5%,1,+10.3
Jusuf Nurkic,31.2,UTA,Big,490,24.5,37,-2.6,-7,6,-11.2,14,-3.5%,19,+1.7%,58,+0.6%,12,-5.3,88,-8.7,48,+0.2%,36,-0.9%,100,-10.4%,89,-5.3
K.J. Simpson,23.2,CHA,Point,101,11.3,5,-16.0,-24,46,-0.5,17,-3.2%,10,+2.6%,96,+7.6%,95,+6.9,1,+15.5,3,+6.7%,35,-0.9%,41,+1.0%,40,+1.0
Karl-Anthony Towns,30.0,NYK,Big,706,33.6,78,+7.8,+16,57,+1.6,76,+2.7%,79,-1.6%,3,-8.2%,22,-2.9,82,-6.2,47,+0.3%,13,-2.2%,84,-3.6%,96,-7.1
Karlo Matkovic,24.6,NOP,Big,143,13,77,+7.3,+15,52,+1.0,87,+4.2%,9,+2.8%,34,-1.6%,12,-5.3,83,-6.3,92,-5.0%,39,-0.7%,67,-1.5%,65,-1.4
Kawhi Leonard,34.3,LAC,Wing,374,31.2,63,+3.5,+7,47,-0.3,69,+2.0%,43,+0.3%,74,+2.5%,2,-8.1,70,-3.9,28,+1.8%,67,+0.9%,95,-6.6%,79,-3.3
Keaton Wallace,26.7,ATL,Point,296,14.1,16,-9.5,-23,5,-11.7,19,-2.9%,15,+2.2%,21,-3.2%,11,-5.4,63,-2.2,51,-0.1%,38,-0.8%,62,-1.3%,60,-0.9
Keegan Murray,25.2,SAC,Forward,259,37.1,72,+5.9,+10,55,+1.4,26,-2.2%,94,-3.2%,66,+1.5%,17,-3.8,74,-4.5,91,-4.7%,74,+1.2%,9,+5.4%,39,+1.2
Kel'el Ware,21.5,MIA,Big,530,24.1,14,-11.2,-24,19,-5.6,28,-2.0%,42,+0.3%,79,+3.1%,10,-5.5,18,+5.7,54,-0.3%,12,-2.3%,14,+4.4%,63,-1.3
Keldon Johnson,25.9,SAS,Wing,512,24.4,46,-0.5,-1,50,+0.2,11,-4.6%,40,+0.4%,97,+8.3%,58,+0.8,46,+0.7,44,+0.6%,85,+2.2%,52,-0.1%,20,+3.3
Kelly Olynyk,34.5,SAS,Big,123,11.2,45,-0.8,-2,63,+2.2,28,-2.0%,41,+0.3%,76,+2.6%,51,-0.0,32,+3.1,34,+1.4%,52,+0.0%,47,+0.4%,80,-3.4
Kelly Oubre,29.9,PHI,Wing,417,34.8,41,-1.8,-4,52,+0.7,35,-1.3%,47,+0.0%,52,+0.3%,96,+7.7,35,+2.6,57,-0.5%,21,-1.7%,35,+1.4%,89,-5.1
Kentavious Caldwell-Pope,32.7,MEM,Combo,482,21.9,12,-11.8,-27,15,-6.5,9,-4.9%,44,+0.2%,60,+0.8%,87,+4.7,21,+5.3,19,+2.8%,91,+2.9%,12,+4.7%,52,-0.2
Keon Ellis,25.8,SAC,Wing,324,15.4,43,-1.3,-2,33,-3.0,43,-0.8%,18,+1.9%,18,-3.7%,54,+0.3,58,-1.7,32,+1.5%,97,+4.3%,31,+1.7%,47,+0.1
Kevin Durant,37.1,HOU,Wing,607,35.7,35,-3.2,-4,43,-1.2,9,-4.8%,37,+0.6%,84,+3.9%,99,+11.1,39,+1.9,37,+1.2%,22,-1.6%,80,-2.9%,6,+6.1
Kevin Huerter,27.2,CHI,Wing,457,24.1,40,-1.9,-4,55,+1.4,46,-0.4%,51,-0.1%,31,-2.0%,39,-0.9,30,+3.4,23,+2.3%,3,-3.4%,79,-2.9%,81,-3.5
Kevin Love,37.1,UTA,Big,171,14.3,35,-3.2,-4,99,+18.0,99,+8.8%,89,-2.4%,27,-2.2%,84,+3.7,0,+21.1,2,+7.0%,1,-4.2%,30,+1.8%,45,+0.3
Kevin Porter,25.5,MIL,Combo,100,25,99,+26.9,+46,99,+17.5,100,+9.4%,55,-0.2%,92,+5.8%,83,+3.7,89,-9.4,85,-3.7%,71,+1.1%,65,-1.5%,99,-9.7
Kevon Looney,29.7,NOP,Big,155,12.9,14,-10.9,-15,3,-13.1,9,-4.8%,45,+0.2%,14,-4.2%,15,-4.2,63,-2.2,72,-2.3%,17,-1.9%,91,-5.1%,65,-1.4
Keyonte George,22.0,UTA,Combo,711,33.9,29,-4.8,-10,89,+8.5,70,+2.1%,96,-3.8%,35,-1.4%,89,+4.9,3,+13.3,7,+5.1%,31,-1.2%,14,+4.3%,56,-0.5
Khris Middleton,34.2,WAS,Forward,412,25.8,83,+9.6,+12,85,+6.9,81,+3.2%,86,-2.2%,52,+0.2%,12,-4.9,66,-2.6,29,+1.7%,90,+2.8%,73,-2.1%,34,+1.8
Klay Thompson,35.7,DAL,Wing,484,22,49,+0.4,-0,10,-9.5,5,-5.5%,12,+2.4%,78,+2.9%,25,-2.6,90,-9.9,88,-4.0%,57,+0.3%,83,-3.3%,68,-1.8
Kobe Brown,25.8,LAC,Forward,129,10.8,4,-17.1,-25,11,-9.1,13,-4.2%,31,+1.0%,40,-1.1%,76,+2.7,11,+8.0,39,+1.0%,12,-2.3%,2,+7.6%,51,-0.1
Kobe Sanders,23.4,LAC,Wing,260,21.7,75,+6.5,+14,73,+4.2,40,-1.1%,71,-1.1%,49,-0.1%,93,+6.0,64,-2.3,75,-2.5%,25,-1.5%,30,+1.9%,26,+2.6
Kon Knueppel,20.2,CHA,Wing,731,33.2,82,+9.5,+18,56,+1.5,79,+2.9%,34,+0.7%,28,-2.2%,32,-1.7,86,-8.0,78,-2.8%,30,-1.2%,75,-2.3%,78,-3.1
Kris Dunn,31.6,LAC,Wing,572,26,16,-9.9,-21,17,-5.8,36,-1.2%,45,+0.1%,30,-2.1%,60,+0.9,27,+4.1,22,+2.6%,69,+1.1%,90,-4.9%,31,+2.1
Kris Murray,25.2,POR,Wing,483,24.2,9,-13.5,-31,10,-9.3,3,-6.7%,41,+0.3%,72,+2.3%,33,-1.7,26,+4.3,32,+1.5%,33,-1.0%,68,-1.6%,35,+1.7
Kristaps Porzingis,30.3,ATL,Big,312,26,50,+0.5,+1,88,+7.9,41,-1.0%,99,-4.7%,86,+4.1%,90,+5.3,13,+7.5,17,+3.0%,6,-2.9%,42,+0.8%,26,+2.6
Kyle Anderson,32.1,UTA,Big,103,17.2,6,-15.6,-25,0,-17.3,1,-8.2%,62,-0.7%,7,-5.3%,10,-5.6,59,-1.7,90,-4.5%,54,+0.1%,1,+8.1%,42,+0.9
Kyle Filipowski,22.0,UTA,Big,402,20.1,70,+5.4,+12,83,+6.3,73,+2.4%,69,-1.0%,52,+0.3%,70,+2.0,45,+0.9,64,-1.2%,57,+0.3%,40,+1.0%,36,+1.6
Kyle Kuzma,30.3,MIL,Forward,563,25.6,59,+2.6,+6,50,+0.5,32,-1.6%,97,-4.2%,5,-6.3%,30,-2.1,62,-2.1,70,-2.0%,49,-0.1%,38,+1.2%,39,+1.3
Kyshawn George,21.9,WAS,Wing,588,31,41,-1.8,-3,17,-5.9,31,-1.7%,21,+1.7%,25,-2.5%,22,-3.0,71,-4.1,50,+0.0%,58,+0.4%,93,-5.4%,61,-1.0
LaMelo Ball,24.2,CHA,Point,450,30.1,90,+12.6,+28,96,+13.1,92,+4.9%,97,-4.1%,16,-3.8%,39,-0.9,47,+0.6,37,+1.2%,27,-1.3%,74,-2.2%,13,+4.1
Landry Shamet,28.6,NYK,Wing,304,20.3,19,-7.6,-15,9,-9.5,8,-5.0%,50,-0.1%,19,-3.3%,62,+1.2,60,-1.9,65,-1.5%,27,-1.4%,56,-0.4%,72,-2.3
Larry Nance Jr.,32.8,CLE,Big,224,14,18,-9.0,-22,17,-5.9,30,-1.7%,59,-0.4%,4,-7.0%,52,+0.1,32,+3.1,30,+1.7%,60,+0.4%,69,-1.7%,57,-0.5
Lauri Markkanen,28.4,UTA,Forward,746,35.5,93,+13.9,+25,84,+6.7,54,+0.3%,81,-1.8%,91,+5.7%,74,+2.4,84,-7.2,85,-3.7%,48,-0.2%,21,+3.2%,91,-5.7
LeBron James,40.8,LAL,Big,197,32.9,47,-0.4,-1,91,+9.1,93,+5.0%,81,-1.8%,47,-0.3%,8,-5.9,8,+9.4,7,+5.2%,28,-1.3%,11,+4.7%,98,-8.5
Liam McNeeley,20.1,CHA,Wing,197,12.3,29,-4.8,-10,22,-4.9,7,-5.2%,87,-2.2%,17,-3.8%,69,+1.9,50,-0.1,68,-1.7%,56,+0.1%,51,-0.1%,9,+5.0
Lonzo Ball,28.0,CLE,Combo,401,23.6,32,-4.0,-9,9,-9.5,9,-4.9%,28,+1.1%,12,-4.5%,36,-1.2,80,-5.6,40,+0.8%,78,+1.7%,81,-3.1%,86,-4.4
Luguentz Dort,26.5,OKC,Wing,436,29.1,29,-4.7,-5,40,-1.6,25,-2.3%,82,-1.8%,77,+2.8%,53,+0.2,33,+3.0,56,-0.4%,50,-0.1%,15,+4.3%,46,+0.2
Luka Doncic,26.7,LAL,Point,590,36.9,73,+6.1,+14,85,+6.9,81,+3.2%,63,-0.7%,30,-2.1%,68,+1.7,45,+0.9,23,+2.4%,7,-2.8%,98,-8.2%,67,-1.7
Luka Garza,26.8,BOS,Big,236,13.9,0,-25.7,-52,4,-12.4,6,-5.3%,23,+1.5%,38,-1.2%,14,-4.5,3,+13.3,8,+5.0%,23,-1.6%,79,-2.9%,28,+2.4
Luke Kennard,29.4,ATL,Combo,404,20.2,37,-2.4,-6,52,+1.0,78,+2.8%,13,+2.4%,45,-0.7%,31,-1.9,30,+3.4,58,-0.6%,22,-1.6%,22,+3.0%,62,-1.2
Luke Kornet,30.3,SAS,Big,348,24.9,60,+2.9,+7,47,-0.4,23,-2.3%,89,-2.4%,83,+3.7%,9,-5.6,68,-3.2,75,-2.5%,9,-2.5%,31,+1.8%,95,-6.8
Malik Monk,27.7,SAC,Combo,460,24.2,94,+14.8,+24,75,+4.7,61,+1.1%,86,-2.1%,33,-1.7%,94,+6.1,91,-10.1,97,-6.8%,92,+3.0%,20,+3.3%,26,+2.5
Marcus Smart,31.7,LAL,Wing,375,26.8,83,+9.8,+22,36,-2.4,25,-2.2%,76,-1.4%,10,-4.8%,70,+2.0,96,-12.2,93,-5.3%,94,+3.3%,84,-3.5%,21,+3.1
Mark Williams,23.9,PHX,Big,456,25.3,77,+7.3,+17,39,-1.7,22,-2.5%,46,+0.0%,27,-2.3%,83,+3.7,89,-9.0,83,-3.5%,84,+2.1%,53,-0.2%,78,-3.1
Marvin Bagley,26.6,WAS,Big,298,17.6,51,+0.7,+1,48,-0.3,29,-1.9%,50,-0.1%,69,+1.9%,69,+1.8,55,-0.9,50,+0.1%,46,-0.4%,76,-2.4%,32,+1.9
Matas Buzelis,21.1,CHI,Forward,597,28.5,66,+4.2,+9,18,-5.8,24,-2.3%,27,+1.2%,79,+3.0%,40,-0.9,91,-10.0,67,-1.6%,76,+1.4%,88,-4.6%,93,-6.1
Max Christie,22.7,DAL,Wing,676,29.4,74,+6.5,+16,93,+10.9,91,+4.8%,79,-1.7%,23,-2.9%,72,+2.1,25,+4.4,22,+2.6%,31,-1.2%,66,-1.5%,48,+0.1
Maxime Raynaud,22.6,SAC,Big,188,14.5,51,+0.7,+2,78,+5.1,31,-1.7%,99,-4.8%,60,+0.8%,5,-6.4,25,+4.4,54,-0.3%,47,-0.3%,33,+1.6%,3,+8.1
Micah Peavy,24.3,NOP,Wing,289,17.1,48,-0.0,+1,76,+4.8,71,+2.1%,80,-1.7%,64,+1.3%,56,+0.4,24,+4.8,62,-1.1%,18,-1.9%,51,-0.1%,15,+3.9
Michael Porter,27.3,BKN,Wing,590,32.8,79,+7.9,+13,91,+9.2,94,+5.3%,94,-3.0%,41,-1.0%,8,-5.8,42,+1.4,61,-1.1%,14,-2.1%,24,+2.6%,69,-1.9
Mikal Bridges,29.2,NYK,Forward,734,35,62,+3.3,+6,79,+5.2,94,+5.4%,36,+0.6%,35,-1.5%,27,-2.4,38,+1.9,58,-0.6%,32,-1.1%,9,+5.5%,35,+1.8
Mike Conley,38.1,MIN,Point,425,19.3,21,-7.1,-16,42,-1.4,20,-2.7%,39,+0.4%,34,-1.6%,82,+3.5,18,+5.7,5,+5.4%,56,+0.2%,92,-5.3%,50,-0.1
Miles Bridges,27.6,CHA,Forward,763,34.7,7,-13.7,-31,32,-3.1,53,+0.2%,82,-1.8%,13,-4.5%,27,-2.3,6,+10.6,14,+3.4%,9,-2.6%,16,+4.0%,52,-0.2
Miles McBride,25.1,NYK,Combo,491,27.3,84,+10.0,+19,89,+8.6,52,+0.1%,95,-3.5%,80,+3.1%,73,+2.2,57,-1.4,41,+0.8%,64,+0.7%,29,+1.9%,74,-2.6
Mitchell Robinson,27.6,NYK,Big,222,17.1,39,-2.1,-5,73,+4.4,44,-0.6%,39,+0.4%,100,+15.3%,48,-0.4,16,+6.5,59,-0.8%,40,-0.7%,34,+1.5%,12,+4.6
Moses Moody,23.4,GSW,Wing,523,25,88,+11.6,+28,51,+0.7,52,+0.1%,14,+2.3%,59,+0.8%,48,-0.4,93,-10.9,97,-6.7%,35,-0.9%,72,-1.9%,54,-0.4
Mouhamed Gueye,23.0,ATL,Big,391,17,47,-0.4,-1,42,-1.5,75,+2.7%,22,+1.6%,43,-0.8%,6,-6.3,55,-1.0,71,-2.1%,70,+1.1%,34,+1.5%,64,-1.4
Moussa Cisse,23.1,DAL,Big,160,10.7,58,+2.5,+6,87,+7.6,70,+2.1%,28,+1.2%,94,+7.0%,79,+3.1,22,+5.1,53,-0.3%,93,+3.2%,3,+7.0%,25,+2.6
Moussa Diabate,23.8,CHA,Big,488,22.2,74,+6.4,+14,86,+7.5,34,-1.4%,51,-0.1%,100,+11.4%,64,+1.3,43,+1.1,48,+0.2%,97,+3.9%,23,+2.9%,7,+5.9
Myles Turner,29.6,MIL,Big,669,29.1,79,+8.0,+19,68,+3.0,79,+3.1%,47,+0.0%,10,-4.8%,84,+3.8,77,-4.9,72,-2.3%,52,-0.0%,81,-3.1%,45,+0.4
Nae'Qwan Tomlin,24.9,CLE,Wing,222,17.1,86,+11.0,+23,69,+3.3,77,+2.7%,57,-0.3%,65,+1.4%,58,+0.8,86,-7.7,88,-3.9%,86,+2.2%,43,+0.8%,85,-4.1
Naji Marshall,27.8,DAL,Wing,631,27.5,18,-9.1,-22,29,-3.6,47,-0.3%,49,-0.1%,16,-3.8%,94,+6.6,19,+5.5,51,-0.1%,17,-1.9%,40,+1.0%,24,+2.9
Naz Reid,26.2,MIN,Big,556,25.3,25,-6.2,-13,45,-0.9,23,-2.4%,33,+0.8%,53,+0.3%,14,-4.6,21,+5.3,9,+4.5%,89,+2.6%,28,+2.2%,6,+6.2
Neemias Queta,26.3,BOS,Big,473,23.7,97,+20.4,+41,44,-1.1,38,-1.2%,67,-0.8%,81,+3.4%,20,-3.3,100,-21.5,95,-6.0%,88,+2.5%,92,-5.3%,89,-5.2
Nick Richards,27.9,PHX,Big,198,9.5,3,-18.7,-42,11,-8.8,18,-3.0%,3,+4.0%,91,+5.6%,44,-0.6,7,+9.9,25,+2.1%,2,-4.1%,43,+0.8%,77,-3.0
Nick Smith Jr.,21.5,LAL,Combo,100,14.3,76,+7.0,+15,71,+3.8,94,+5.5%,7,+3.1%,92,+5.8%,6,-6.3,68,-3.2,76,-2.6%,66,+0.8%,25,+2.5%,62,-1.2
Nickeil Alexander-Walker,27.2,ATL,Combo,682,32.5,61,+2.9,+7,67,+2.8,59,+1.1%,48,-0.0%,31,-2.0%,89,+5.3,50,-0.1,72,-2.2%,23,-1.6%,27,+2.3%,37,+1.4
Nicolas Batum,36.9,LAC,Wing,415,18.9,38,-2.4,-5,59,+1.8,21,-2.6%,65,-0.8%,40,-1.0%,94,+6.6,27,+4.1,32,+1.5%,38,-0.8%,31,+1.8%,7,+5.8
Nicolas Claxton,26.5,BKN,Big,664,30.2,44,-1.0,-1,69,+3.2,48,-0.2%,96,-3.6%,18,-3.6%,34,-1.6,26,+4.2,56,-0.4%,10,-2.5%,11,+4.7%,66,-1.5
Nikola Jokic,30.7,DEN,Big,729,34.7,99,+23.4,+48,100,+20.8,97,+7.6%,55,-0.3%,44,-0.7%,98,+9.4,67,-2.7,50,+0.0%,96,+3.6%,56,-0.5%,57,-0.6
Nikola Jovic,22.4,MIA,Forward,302,18.9,43,-1.2,-3,36,-2.4,62,+1.2%,5,+3.5%,42,-0.9%,90,+5.4,56,-1.2,87,-3.9%,69,+1.0%,16,+4.2%,13,+4.3
Nikola Vucevic,35.0,CHI,Big,618,30.9,41,-1.7,-4,28,-3.9,49,-0.1%,60,-0.5%,15,-3.9%,55,+0.3,62,-2.1,50,-0.0%,5,-3.2%,89,-4.7%,99,-10.5
Nique Clifford,23.7,SAC,Wing,256,14.2,81,+9.0,+16,74,+4.5,83,+3.5%,16,+2.0%,66,+1.5%,35,-1.3,74,-4.5,80,-3.1%,62,+0.6%,33,+1.6%,46,+0.2
Noah Clowney,21.3,BKN,Big,614,27.9,95,+15.3,+23,95,+13.1,82,+3.3%,79,-1.7%,41,-1.0%,100,+11.5,63,-2.3,38,+1.0%,47,-0.3%,84,-3.6%,90,-5.4
Norman Powell,32.4,MIA,Wing,520,30.6,86,+10.9,+23,93,+10.0,93,+5.0%,93,-2.8%,6,-6.0%,87,+4.6,54,-0.9,34,+1.4%,72,+1.2%,57,-0.6%,34,+1.8
OG Anunoby,28.3,NYK,Forward,371,31,89,+12.2,+23,62,+2.1,45,-0.4%,65,-0.8%,67,+1.6%,40,-0.9,92,-10.2,55,-0.4%,63,+0.7%,99,-8.7%,87,-4.6
Ochai Agbaji,25.5,TOR,Wing,197,13.1,48,-0.1,+0,33,-3.0,38,-1.1%,23,+1.6%,72,+2.2%,35,-1.4,67,-2.9,70,-1.9%,11,-2.4%,72,-1.9%,76,-2.9
Onyeka Okongwu,24.9,ATL,Big,665,30.3,20,-7.3,-18,6,-10.7,17,-3.0%,2,+4.3%,35,-1.5%,43,-0.7,70,-3.5,40,+0.9%,70,+1.1%,73,-2.1%,72,-2.2
Oso Ighodaro,23.3,PHX,Big,368,16.7,59,+2.6,+6,53,+1.2,81,+3.2%,79,-1.7%,28,-2.2%,4,-6.8,57,-1.5,58,-0.7%,59,+0.4%,58,-0.8%,38,+1.4
PJ Washington,27.2,DAL,Big,602,31.7,25,-5.9,-14,16,-6.0,14,-3.8%,49,-0.1%,78,+2.9%,41,-0.8,49,-0.1,47,+0.3%,72,+1.2%,55,-0.4%,68,-1.9
Paolo Banchero,23.0,ORL,Forward,393,32.8,48,-0.2,-0,43,-1.4,66,+1.5%,3,+3.9%,28,-2.2%,92,+5.8,56,-1.2,64,-1.2%,46,-0.4%,57,-0.7%,21,+3.1
Pascal Siakam,31.6,IND,Big,720,34.3,97,+19.2,+26,98,+16.6,98,+8.2%,86,-2.1%,73,+2.3%,45,-0.5,66,-2.5,62,-1.1%,38,-0.8%,33,+1.6%,60,-1.0
Pat Connaughton,32.8,CHA,Wing,103,10.3,57,+1.9,+3,1,-15.2,1,-8.1%,27,+1.2%,32,-1.9%,53,+0.2,98,-17.1,99,-7.9%,53,+0.0%,75,-2.3%,96,-7.0
Pat Spencer,29.3,GSW,Wing,175,14.6,70,+5.3,+13,79,+5.3,35,-1.3%,83,-1.9%,93,+6.3%,3,-7.5,48,+0.0,54,-0.3%,78,+1.6%,11,+4.8%,18,+3.4
Patrick Williams,24.2,CHI,Big,412,20.6,25,-6.2,-14,33,-3.1,33,-1.5%,65,-0.8%,26,-2.4%,57,+0.6,31,+3.1,21,+2.7%,64,+0.7%,77,-2.6%,38,+1.4
Paul George,35.5,PHI,Wing,133,22.2,54,+1.3,+4,9,-9.9,8,-5.1%,100,-4.8%,25,-2.5%,3,-7.4,94,-11.2,73,-2.3%,79,+1.8%,75,-2.3%,100,-11.1
Paul Reed,26.4,DET,Big,186,11.7,69,+5.0,+10,64,+2.5,90,+4.5%,7,+3.1%,61,+1.0%,16,-4.0,65,-2.5,25,+2.1%,99,+5.6%,13,+4.5%,70,-1.9
Payton Pritchard,27.8,BOS,Point,702,31.9,63,+3.5,+8,77,+4.8,56,+0.6%,53,-0.2%,88,+4.8%,72,+2.2,42,+1.4,43,+0.7%,19,-1.8%,45,+0.5%,64,-1.3
Pelle Larsson,24.7,MIA,Wing,484,23.1,35,-3.3,-8,63,+2.2,80,+3.1%,75,-1.3%,13,-4.5%,22,-3.0,19,+5.5,13,+3.6%,53,+0.1%,50,+0.0%,60,-1.0
Peyton Watson,23.1,DEN,Forward,558,26.6,58,+2.2,+3,93,+10.8,96,+6.8%,24,+1.4%,72,+2.3%,89,+5.1,10,+8.6,20,+2.7%,75,+1.3%,8,+5.9%,29,+2.3
Precious Achiuwa,26.1,SAC,Big,281,18.8,69,+4.8,+5,41,-1.5,50,+0.0%,63,-0.7%,61,+1.1%,52,+0.1,83,-6.3,82,-3.3%,55,+0.1%,76,-2.4%,97,-8.4
Quentin Grimes,25.5,PHI,Wing,666,33.3,57,+1.6,+4,30,-3.4,31,-1.7%,21,+1.7%,31,-1.9%,83,+3.7,77,-5.0,63,-1.1%,75,+1.3%,81,-3.1%,35,+1.7
Quenton Jackson,27.1,IND,Combo,100,20.1,100,+27.2,+57,84,+6.5,53,+0.2%,76,-1.4%,86,+4.3%,95,+7.2,99,-20.8,91,-4.7%,99,+5.6%,90,-4.8%,98,-9.2
Quinten Post,25.6,GSW,Big,375,16.3,92,+13.5,+32,61,+2.0,70,+2.1%,83,-2.0%,75,+2.5%,40,-0.9,95,-11.5,97,-7.0%,32,-1.1%,45,+0.6%,93,-6.1
RJ Barrett,25.4,TOR,Wing,523,30.8,24,-6.3,-14,45,-0.9,76,+2.7%,67,-0.8%,9,-5.0%,82,+3.6,19,+5.4,17,+3.1%,37,-0.8%,27,+2.3%,69,-1.9
RayJ Dennis,24.6,IND,Point,141,14.2,3,-18.8,-21,2,-13.8,0,-8.9%,42,+0.3%,62,+1.1%,16,-4.0,23,+5.0,64,-1.2%,13,-2.2%,53,-0.2%,1,+10.8
Reed Sheppard,21.4,HOU,Combo,469,24.7,76,+6.8,+10,55,+1.4,69,+2.0%,6,+3.3%,53,+0.3%,3,-7.4,80,-5.4,77,-2.7%,16,-2.0%,38,+1.2%,92,-5.7
Rob Dillingham,20.8,MIN,Point,177,8.9,15,-10.6,-25,1,-15.1,12,-4.2%,8,+2.9%,46,-0.6%,1,-10.6,75,-4.6,75,-2.5%,84,+2.1%,6,+6.2%,11,+4.6
Robert Williams,28.0,POR,Big,198,14.2,32,-4.0,-9,36,-2.3,57,+0.7%,34,+0.8%,4,-6.8%,49,-0.2,40,+1.7,87,-3.8%,24,-1.5%,1,+8.7%,85,-4.3
Ron Holland II,20.3,DET,Wing,455,20.7,26,-5.8,-12,13,-7.7,18,-3.0%,17,+1.9%,22,-3.1%,51,-0.0,60,-1.9,41,+0.7%,99,+5.2%,8,+5.6%,6,+6.2
Royce O'Neale,32.4,PHX,Wing,661,30.1,6,-15.0,-30,15,-6.4,58,+0.8%,34,+0.8%,2,-8.7%,42,-0.7,10,+8.6,18,+2.9%,29,-1.2%,15,+4.3%,33,+1.8
Rudy Gobert,33.3,MIN,Big,694,31.6,84,+10.4,+24,12,-8.1,33,-1.5%,68,-0.8%,57,+0.6%,37,-1.1,99,-18.5,98,-7.7%,43,-0.6%,94,-6.0%,100,-14.5
Rui Hachimura,27.7,LAL,Forward,663,33.2,22,-6.7,-15,32,-3.1,39,-1.1%,56,-0.3%,38,-1.2%,48,-0.4,29,+3.6,20,+2.8%,58,+0.3%,22,+2.9%,81,-3.5
Russell Westbrook,37.0,SAC,Combo,619,28.2,35,-3.1,-5,48,-0.3,66,+1.6%,17,+2.0%,82,+3.5%,27,-2.4,33,+2.8,14,+3.4%,11,-2.3%,92,-5.1%,53,-0.3
Ryan Dunn,22.8,PHX,Forward,402,23.7,79,+8.1,+18,75,+4.7,73,+2.3%,51,-0.1%,71,+2.1%,30,-2.0,69,-3.4,70,-1.8%,46,-0.4%,70,-1.8%,46,+0.2
Ryan Kalkbrenner,23.8,CHA,Big,508,25.4,16,-9.7,-21,6,-10.6,42,-1.0%,42,+0.3%,0,-9.8%,28,-2.2,55,-1.0,62,-1.1%,2,-3.7%,67,-1.6%,90,-5.4
Ryan Nembhard,22.6,DAL,Point,170,17,56,+1.5,+4,80,+5.4,91,+4.6%,54,-0.2%,55,+0.4%,0,-11.7,28,+3.9,10,+4.4%,3,-3.6%,87,-4.4%,91,-5.6
Ryan Rollins,23.3,MIL,Point,748,32.6,70,+5.0,+12,80,+5.5,50,-0.1%,97,-4.0%,26,-2.3%,56,+0.5,48,+0.5,59,-0.8%,70,+1.1%,43,+0.7%,30,+2.1
Saddiq Bey,26.6,NOP,Forward,632,28.8,52,+1.0,+2,51,+0.6,34,-1.4%,62,-0.6%,53,+0.3%,24,-2.6,52,-0.4,67,-1.6%,15,-2.0%,69,-1.7%,64,-1.4
Sam Hauser,27.9,BOS,Forward,478,21.7,42,-1.7,-4,54,+1.2,51,+0.1%,58,-0.3%,9,-5.0%,50,-0.1,33,+2.9,47,+0.3%,51,-0.1%,54,-0.3%,19,+3.3
Sam Merrill,29.5,CLE,Wing,311,25.9,68,+4.6,+11,65,+2.5,60,+1.1%,19,+1.7%,60,+0.8%,48,-0.3,61,-2.1,76,-2.6%,16,-2.0%,54,-0.3%,11,+4.7
Sandro Mamukelashvili,26.4,TOR,Big,423,19.3,78,+7.7,+17,49,+0.1,27,-2.1%,48,-0.0%,54,+0.3%,24,-2.7,85,-7.6,95,-6.0%,87,+2.3%,21,+3.2%,58,-0.6
Santi Aldama,24.8,MEM,Big,571,26,21,-6.9,-16,91,+9.1,87,+4.2%,36,+0.6%,56,+0.5%,77,+2.9,1,+16.0,8,+4.9%,36,-0.9%,37,+1.2%,6,+6.1
Scottie Barnes,24.3,TOR,Big,774,33.7,65,+4.0,+9,84,+6.6,72,+2.3%,45,+0.1%,88,+4.7%,57,+0.5,35,+2.6,42,+0.7%,13,-2.2%,35,+1.4%,70,-1.9
Shaedon Sharpe,22.4,POR,Combo,503,28,72,+6.0,+14,57,+1.6,77,+2.8%,30,+1.1%,34,-1.6%,26,-2.4,73,-4.4,89,-4.3%,30,-1.2%,26,+2.4%,42,+0.7
Shai Gilgeous-Alexander,27.3,OKC,Point,738,33.6,74,+6.2,+5,98,+16.9,91,+4.7%,98,-4.2%,42,-0.9%,98,+9.6,6,+10.7,33,+1.5%,7,-2.8%,23,+2.9%,9,+5.1
Sidy Cissoko,21.6,POR,Big,284,17.8,57,+1.7,+4,44,-1.1,13,-4.2%,50,-0.1%,86,+4.2%,81,+3.5,67,-2.9,30,+1.7%,25,-1.5%,91,-5.0%,97,-8.1
Simone Fontecchio,29.9,MIA,Big,384,18.3,28,-5.0,-11,14,-6.5,13,-4.0%,6,+3.4%,97,+8.2%,35,-1.4,58,-1.6,81,-3.3%,31,-1.2%,47,+0.4%,36,+1.5
Sion James,22.9,CHA,Wing,570,25.9,62,+3.4,+7,34,-2.8,51,+0.0%,11,+2.6%,87,+4.4%,42,-0.8,82,-6.2,69,-1.7%,55,+0.1%,86,-4.1%,92,-5.7
Spencer Jones,24.4,DEN,Forward,231,15.4,22,-6.8,-14,48,+0.0,84,+3.6%,35,+0.6%,48,-0.3%,14,-4.4,15,+6.8,22,+2.5%,63,+0.7%,40,+1.0%,69,-1.9
Stephen Curry,37.6,GSW,Point,496,31,69,+4.8,+12,94,+11.3,99,+8.4%,16,+2.1%,44,-0.7%,46,-0.5,16,+6.6,35,+1.3%,68,+0.9%,7,+6.0%,18,+3.4
Stephon Castle,21.0,SAS,Combo,415,32,70,+5.3,+13,16,-6.0,48,-0.2%,8,+2.9%,41,-0.9%,67,+1.5,95,-11.3,79,-3.1%,96,+3.6%,71,-1.9%,23,+3.0
Steven Adams,32.3,HOU,Big,341,21.3,90,+12.3,+16,74,+4.6,46,-0.4%,12,+2.4%,96,+7.4%,81,+3.4,86,-7.6,90,-4.6%,17,-1.9%,64,-1.5%,93,-6.1
Sviatoslav Mykhailiuk,28.4,UTA,Wing,545,26,85,+10.7,+22,52,+0.8,26,-2.2%,81,-1.7%,98,+8.5%,1,-10.5,91,-9.9,77,-2.7%,61,+0.6%,78,-2.7%,87,-4.5
TJ McConnell,33.6,IND,Point,202,16.9,86,+10.9,+22,43,-1.3,88,+4.3%,84,-2.1%,1,-9.2%,1,-10.1,96,-12.2,86,-3.8%,98,+4.3%,42,+0.9%,88,-4.8
Tari Eason,24.5,HOU,Wing,254,23.1,31,-4.1,-6,26,-4.0,55,+0.4%,14,+2.3%,58,+0.6%,45,-0.6,48,+0.1,33,+1.4%,18,-1.9%,99,-8.9%,15,+3.9
Taurean Prince,31.6,MIL,Wing,168,21.1,75,+6.6,+16,46,-0.7,47,-0.3%,65,-0.8%,47,-0.4%,58,+0.7,84,-7.2,86,-3.8%,59,+0.4%,55,-0.4%,65,-1.5
Taylor Hendricks,21.9,UTA,Wing,147,12.3,44,-1.0,-4,3,-13.7,4,-6.5%,4,+3.6%,68,+1.8%,9,-5.8,97,-12.7,92,-5.1%,48,-0.2%,87,-4.4%,94,-6.6
Terance Mann,29.0,BKN,Wing,526,26.3,36,-3.0,-4,65,+2.6,28,-2.0%,88,-2.4%,51,+0.2%,75,+2.6,19,+5.6,26,+2.0%,39,-0.7%,25,+2.5%,54,-0.3
Terrence Shannon Jr.,25.3,MIN,Wing,178,13.8,0,-25.9,-52,10,-9.3,2,-7.3%,16,+2.1%,91,+5.6%,65,+1.5,1,+16.6,0,+9.2%,53,+0.1%,45,+0.6%,2,+8.6
Tidjane Salaun,20.2,CHA,Big,115,12.9,99,+26.5,+51,97,+16.3,97,+7.8%,4,+3.7%,99,+9.1%,91,+5.7,92,-10.1,84,-3.6%,36,-0.9%,98,-8.2%,11,+4.7
Tim Hardaway Jr.,33.6,DEN,Wing,514,24.5,23,-6.3,-11,26,-4.0,19,-3.0%,78,-1.5%,25,-2.6%,63,+1.2,36,+2.3,49,+0.1%,66,+0.8%,22,+3.1%,43,+0.5
Tobias Harris,33.3,DET,Forward,384,29.6,19,-8.9,-20,28,-3.8,5,-5.5%,44,+0.2%,87,+4.5%,84,+3.9,23,+5.0,48,+0.2%,0,-5.1%,93,-5.5%,2,+8.3
Tony Bradley,27.8,IND,Big,234,11.7,20,-7.5,-10,60,+1.9,16,-3.3%,42,+0.3%,91,+5.6%,81,+3.4,8,+9.5,3,+6.4%,77,+1.4%,83,-3.4%,0,+12.5
Toumani Camara,25.5,POR,Wing,748,34,66,+4.2,+10,82,+5.7,94,+5.1%,66,-0.8%,36,-1.4%,61,+1.0,40,+1.5,61,-1.0%,21,-1.7%,52,-0.2%,27,+2.4
Trae Young,27.1,ATL,Point,139,27.8,11,-11.8,-26,58,+1.6,21,-2.6%,99,-4.5%,24,-2.8%,91,+5.6,2,+13.4,1,+7.4%,94,+3.2%,2,+7.5%,23,+3.0
Trayce Jackson-Davis,25.7,GSW,Big,119,10,2,-20.6,-39,13,-7.7,15,-3.3%,4,+3.7%,98,+8.5%,25,-2.5,5,+12.9,1,+7.5%,51,-0.0%,77,-2.6%,4,+7.2
Tre Johnson,19.7,WAS,Combo,341,22.8,55,+1.5,+1,21,-5.1,67,+1.6%,11,+2.5%,5,-6.4%,23,-2.9,84,-6.6,89,-4.3%,41,-0.7%,74,-2.3%,19,+3.4
Tre Jones,25.8,CHI,Combo,485,28.6,33,-3.7,-9,35,-2.5,20,-2.8%,25,+1.4%,64,+1.3%,88,+4.9,43,+1.2,37,+1.2%,81,+1.9%,37,+1.2%,28,+2.4
Tre Mann,24.7,CHA,Combo,360,20,7,-13.8,-27,27,-3.9,14,-3.6%,9,+2.8%,87,+4.3%,36,-1.2,7,+9.9,9,+4.5%,69,+1.1%,34,+1.5%,49,-0.0
Trendon Watford,25.0,PHI,Big,285,20.4,61,+2.9,+7,79,+5.3,80,+3.1%,13,+2.4%,80,+3.2%,47,-0.4,36,+2.3,61,-1.0%,23,-1.6%,55,-0.4%,30,+2.1
Trey Murphy III,25.4,NOP,Wing,745,35.5,44,-1.1,-3,14,-7.3,30,-1.8%,9,+2.9%,51,+0.1%,20,-3.3,83,-6.2,42,+0.7%,98,+4.5%,76,-2.5%,36,+1.7
Tristan Vukcevic,22.6,WAS,Big,149,11.5,3,-18.2,-13,4,-12.0,7,-5.1%,36,+0.6%,42,-0.8%,42,-0.7,17,+6.2,19,+2.8%,26,-1.4%,64,-1.4%,61,-1.1
Tristan daSilva,24.5,ORL,Forward,501,22.8,59,+2.6,+6,39,-1.7,36,-1.2%,74,-1.2%,23,-2.9%,46,-0.5,72,-4.2,82,-3.4%,70,+1.1%,6,+6.5%,98,-9.3
Tyler Herro,25.8,MIA,Wing,156,31.3,38,-2.1,-5,35,-2.5,20,-2.8%,90,-2.5%,44,-0.7%,23,-2.9,52,-0.3,35,+1.3%,37,-0.8%,70,-1.9%,81,-3.4
Tyler Kolek,24.6,NYK,Combo,143,11,5,-16.1,-36,2,-14.9,12,-4.2%,3,+4.0%,74,+2.4%,18,-3.6,42,+1.2,26,+2.1%,16,-2.0%,77,-2.6%,94,-6.2
Tyrese Martin,26.7,BKN,Combo,458,20.8,37,-2.8,-5,30,-3.5,21,-2.6%,73,-1.2%,76,+2.6%,37,-1.1,53,-0.7,53,-0.2%,59,+0.4%,62,-1.3%,56,-0.5
Tyrese Maxey,25.0,PHI,Point,841,40.1,91,+12.6,+29,88,+7.9,48,-0.2%,96,-3.9%,36,-1.4%,97,+8.5,76,-4.7,87,-3.8%,75,+1.3%,7,+5.9%,79,-3.2
Tyrese Proctor,21.6,CLE,Combo,200,11.8,10,-12.5,-30,4,-12.9,6,-5.3%,68,-0.9%,13,-4.4%,24,-2.7,52,-0.4,83,-3.6%,81,+2.0%,1,+7.6%,48,+0.1
Tyus Jones,29.5,ORL,Point,295,13.4,9,-13.3,-32,7,-10.6,1,-7.5%,74,-1.2%,73,+2.3%,19,-3.5,34,+2.7,23,+2.3%,20,-1.7%,75,-2.3%,42,+0.7
VJ Edgecombe,20.3,PHI,Combo,629,35,74,+6.4,+16,65,+2.5,54,+0.3%,25,+1.4%,95,+7.1%,43,-0.7,70,-3.9,79,-3.1%,33,-1.1%,68,-1.6%,74,-2.7
Victor Wembanyama,21.8,SAS,Big,415,34.7,82,+9.4,+22,28,-3.8,60,+1.1%,5,+3.5%,74,+2.5%,68,+1.7,97,-13.2,95,-6.3%,60,+0.5%,89,-4.8%,8,+5.4
Vince Williams Jr.,25.2,MEM,Combo,386,22.7,85,+10.8,+26,58,+1.6,78,+2.8%,32,+0.9%,56,+0.5%,23,-2.8,89,-9.1,94,-5.9%,21,-1.7%,81,-3.1%,83,-3.8
Vit Krejci,25.4,ATL,Wing,420,22.1,19,-8.4,-21,18,-5.8,34,-1.5%,15,+2.2%,75,+2.6%,7,-6.0,36,+2.5,39,+1.0%,81,+2.0%,57,-0.7%,42,+1.0
Walker Kessler,24.3,UTA,Big,152,30.5,93,+13.8,+32,89,+8.3,72,+2.3%,26,+1.3%,93,+6.4%,97,+8.2,80,-5.5,84,-3.6%,79,+1.8%,4,+6.6%,96,-7.1
Walter Clayton,22.7,UTA,Point,246,14.5,81,+9.2,+21,83,+6.0,86,+4.1%,23,+1.5%,85,+4.0%,75,+2.7,69,-3.3,52,-0.1%,40,-0.7%,82,-3.1%,60,-0.8
Wendell Carter,26.5,ORL,Big,620,29.5,64,+3.9,+10,13,-7.7,17,-3.0%,5,+3.4%,50,+0.0%,78,+2.9,96,-11.6,93,-5.3%,60,+0.5%,65,-1.5%,20,+3.3
Will Richard,22.9,GSW,Wing,366,17.4,25,-5.9,-15,45,-0.9,30,-1.8%,40,+0.4%,69,+2.0%,59,+0.8,23,+5.0,13,+3.5%,38,-0.8%,72,-2.0%,27,+2.4
Yves Missi,21.5,NOP,Big,323,20.2,75,+6.7,+12,56,+1.5,52,+0.1%,32,+0.9%,96,+7.7%,11,-5.5,79,-5.2,55,-0.3%,74,+1.3%,92,-5.4%,83,-3.9
Zaccharie Risacher,20.6,ATL,Wing,496,24.8,95,+15.5,+36,74,+4.5,35,-1.3%,91,-2.6%,67,+1.7%,55,+0.4,94,-11.0,74,-2.4%,44,-0.5%,97,-7.2%,74,-2.5
Zach Edey,23.6,MEM,Big,232,25.8,100,+35.5,+62,90,+9.0,96,+6.2%,35,+0.6%,81,+3.4%,19,-3.4,100,-26.6,99,-10.2%,41,-0.7%,99,-8.5%,96,-6.9
Zach LaVine,30.6,SAC,Wing,660,33,13,-11.3,-19,45,-0.9,42,-1.0%,49,-0.1%,68,+1.7%,9,-5.7,6,+10.4,6,+5.4%,13,-2.2%,37,+1.2%,47,+0.1
Ziaire Williams,24.1,BKN,Wing,441,23.2,23,-6.6,-11,8,-10.5,19,-2.9%,3,+3.8%,43,-0.8%,74,+2.4,70,-3.9,77,-2.7%,71,+1.2%,63,-1.4%,38,+1.4
Zion Williamson,25.3,NOP,Big,308,30.9,79,+7.9,+15,62,+2.1,57,+0.7%,53,-0.2%,82,+3.6%,94,+6.5,81,-5.7,66,-1.5%,48,-0.2%,82,-3.3%,17,+3.5